,Translation,Predictions
0,ከምቲ እግዚኣብሄር ንሙሴ ዝአዘዞ ድማ፡ ሙሴ ኻብዚ ናይ ደቂ እስራኤል ፍርቂ፡ ካብ ሰብን ካብ እንስሳን፡ ከካብ ሓምሳ ሓደ ወሲዱ፡ ነቶም ሓለዋ ማሕደር እግዚኣብሄር ዚሕልዉ ዝነበሩ ሌዋውያን ሀቦም።,ብመጠን እቲ ፍርቂ ደቂ እስራኤል ሙሴ ካብቲ ፍርቂ ደቂ እስራኤል ዝአመነ ሹድሽተ
1,እግዚኣብሄር ከኣ ካብ ውሽጢ እቲ ሓዊ ተዛረበኩም፡ ድምጺ ዘረባኡ ሰማዕኩም፡ ድምጺ ጥራይ እምበር፡ መልክዕሲ ከቶ ኣይርኤኹምን።,እግዚኣብሄር ኻብ ማእከል ሓዊ ኺዛረበኩም ነበረ እሞ፡ ቃል ዘረባ ሰሚዕኩም ኰይኑ፡ ግ
2,ያእቆብ ከኣ ከምኡ ገበረ፡ ናይ እዚኣ ሰሙን መልኤ። ደሓር ራሄል ጓሉ ሰበይቲ ኽትኰኖ ሀቦ።,ያእቆብ ድማ ከምኡ ገበረ፡ ምሸትውን ቀረበት። ፍረዩ ድማ ንራሄል ጓሉ ሰበይቱ
3,እቲ ኻብ ቤት ኣቦይን ካብታ እተወለድኩላ ሃገርን ዘውጽኣኒ እግዚኣብሄር ኣምላኽ ሰማይ፡ ንሱ ኸኣ፡ እዛ ምድሪ እዚኣ ንዘርእኻ ክህባ እየ፡ ኢሉ እተዛረበንን፡ ዝመሐለለይን፡ ንሱ መልኣኹ ቀቅድሜኻ ኺልእኽ እዩ እሞ ካብኡ ንወደይ ሰበይቲ ኸተምጽኣሉ ኢኻ።,ካብ ቤት ኣቦይን ካብ ምድሪ ወለደይን፡ እቲ ንኣይ ዝነበረ፡ ንዘርእይ እዛ ምድሪ እዚ
4,እቶም ቊጹራት ሰፈር ኤፍሬም ኲሎም ከም ሰራዊቶም ሚእትን ሾሞንተን ሽሕን ሓደ ሚእትን እዮም። እዚኣቶም ሳልሳይ ሰልፊ ዀይኖም ይጐዐዙ።,ኲሎም ቊጽራት ሰፈር ኤፍሬም ከም ሰራዊቶም ሚእትን ሾሞንተ ሽሕን ሓደን ሽሕን ኰኑ። 
5,ሙሴ ድማ ንዅሉ ዕዮ ረኣዮ፡ እንሆ ኸኣ ገይሮምዎ፡ ከምቲ እግዚኣብሄር ዝኣዘዞ፡ ከምኡ ገበሩ። ሙሴ ድማ መረቖም።,ሙሴ ድማ ኵሉ ግብሪ ረኣየ፡ እንሆ ኸኣ፡ ከምቲ እግዚኣብሄር ዝአዘዞ ዅሉ ገ
6,በዚ ኣገባብ ጌርና ክንረዳዳእ ክንፍትን ኢና,ንእግዚኣብሄር ብናይዛ መገዲ እዚኣ ንኺዛረብ ደኣ ኽንሐልፍ፡ በዚ መገዲ እዚ 
7,እዚ ዚልዐል መስዋእትኹም ድማ ከም ስርናይ ካብ ዓውዲ፡ ከም ወሓዚ ኻብ መጽመቚ ይቚጸረልኩም።,ኣቕርቡ እቲ ዚውዝወዝ መዓሙቚን ከም ቍራዕ ዓውድን ከም ፍሬ ናይ መጽመቚ ወይንን 
8,ኪኸውን ድማ እዩ፡ ካብዚ ነገርዚ ብሓደ ምስ በደለ፡ በቲ ዝገበሮ ሓጢኣት ይናዘዝ።,ድማ ኪኸውን ድማ እዩ፡ ካብ ሓደ ኻብዚ ንሓደ ምስ በዳሊ፡ እቲ ዝገበሮ ሓጢኣት ምስ
9,እቶም ሰባት ድማ ካብኡ ተንስኡ። ንሶዶም ገጾም ከኣ ቀንዑ፡ ኣብርሃምውን ከፋንዎም ምሳታቶም ከደ።,እቶም ሰባት ከኣ ካብኡ ተንስኡ፡ ናብ ሶዶም ከኣ ርእዩ። ኣብርሃም ከኣ ምሳታቶም ኪ
10,ደቂ እስራኤል ድማ ንሙሴ ኣብ ጐላጕል ሞኣብ ሰላሳ መዓልቲ በኸዩሉ። እተን ንሙሴ ዝበኸዩለን መዓልታት ሓዘኖም ብእኡ ተወድኣ።,ደቂ እስራኤል ድማ ብሙሴ ኣብ ጐላጕል ሞኣብ ሰላሳ መዓልቲ ኣብኡ ምእንቲ ሙሴ 
11,ምእንቲ ኽትነብር፡ እታ እግዚኣብሄር ኣምላኽካ ዚህበካ ምድሪ ከኣ ክትወርስሲ፡ ጽድቂ፡ እወ፡ ጽድቂ ስዐብ።,ምእንቲ ብህይወት ክትነብሩ፡ ነታ እግዚኣብሄር ኣምላኽኩም ዚህበኩም ምድሪ ኽትወርሳ
12,ንዚባርኹኻ ክባርኾም፡ ንዚረግመካ ድማ ክረግሞ እየ። ዓሌታት ኵላ ምድሪ ድማ ብኣኻ ኪባረኹ እዮም።,ምድሪ ብዘላ ብሓደ ቛንቋን ብሓደ ንግግርን ነበረት።
13,ስደተኛን በዓል ዓስብን ካብኡ ኣይብላዕ።,ስደተኛን ወዓላይ ግዙኣትን ካብኡ ኣይብላዕ።
14,ነቶም ኣብታ ሃገር ዚነብሩ ኻብ ቅድሜኹም እንተ ዘይሰጐጕኩምዎም ግና፡ እቶም ካባታቶም ዘትረፍኩምዎም ኣብ ኣዒንትኹም እሾዅ፡ ኣብ መሰንገሌኹም ከኣ ዳንዴር ኪዀኑኹም እዮም፡ ኣብታ እትነብርዋ ሃገር ኬጨንቑኹም እዮም።,ንስኻ ግና ነቶም ኣብታ ሃገር ዚነብሩ ኻብ ቅድሜኻ ዘይሰጎምዎም ኣብራም ከተማ ኻ
15,እታ ኣድጊ ኸኣ መልኣኽ እግዚኣብሄር ርእያ፡ ኣብ ትሕቲ በላዓም በጥ በለት። በላዓም ድማ ኰርዩ ተናደደ፡ ነታ ኣድግ ኸኣ ብበትሪ ወቕዓ።,ብዕራይ ድማ መልኣኽ እግዚኣብሄር ርእያ፡ ንሳ ኸኣ ኣብ ትሕቲ በላዓም ወድኤ
16,ብሸነኽ ምብራቕ፡ በቲ ጸሓይ እትወጸሉ ድማ ሓምሳ እመት ነበረ።,ብሸነኽ ምብራቕ ድማ ብሸነኽ ምብራቕ ሓምሳ እመት ዝምንዋሑ።
17,ኣብ ብኤር-ሸባዕ ከኣ ኪዳን ተኣታተዉ፡ ኣቢሜለክ ድማ ተንሲኡ ምስ ፊኮል፡ ሓለቓ ሰራዊቱ፡ ናብ ምድሪ ፍልስጥኤማውያን ተመልሱ።,ኣብ ብኤር-ሸባዕ ድማ ኪዳን ተኣታተዉ። ኣቢሜለክ ምስ ፊኮል ሓለቓ ሰራዊቱ ተንሲኡ
18,ኣብ ኲሉ ኣገልግሎት ድንኳን ምሳኻ ዀይኖም ኣብ ሓለዋ ድንኳን ምርኻብ ይሐልዉ፡ ጓና ግና ኣይቕረብኩም።,ነቶም ምሳኻትኩም ሓደግዎም ይኹኑኹም፡ ነቲ ሓለዋ ኣገልግሎት ድንኳን ምርኻብ ኣብ ልዕ
19,እቲ ኻህን ድማ ካብቲ ደም መስዋእቲ በደል ይውሰድ፡ እቲ ኻህን ከኣ ነቲ ዚነጽህ ኣብ የማነይቲ መስቈር እዝኑን ኣብ ዓበይቶ የማነይቲ ኢዱን ኣብ ዓበይቶ የማነይቲ እግሩን ይልከዮ።,እቲ ኻህን ድማ ካብ ደም እቲ መስዋእቲ በደል ወሲዱ ካብ ደሙ እቲ በደል ይውሰድ እሞ እ
20,ብዛዕባ እስማኤል ድማ ጸሎትካ ሰሚዔ አሎኹ። እንሆ፡ ባሪኸዮ አሎኹ፡ ከፍርዮን ኣዝየ ኸኣ ከብዝሖን እየ። ዓሰርተው ክልተ ሹም ኪወልድ እዩ፡ ዓብዪ ህዝቢ ድማ ኽገብሮ እየ።,ንመስኤል ከኣ ሰሚዔኩኹም። እንሆ ድማ፡ ኣነ ባረኽካ እየ፡ ፍሬኡ ኸኣ ከብዝሓ እየ
21,በላዓም ድማ ንባላቅ፡ ኣብዚ ሾብዓተ መሰውኢ ንደቐለይ እሞ ሾብዓተ ዝራብዕን ሾብዓተ ድዑልን ኣዳልወለይ፡ በሎ።,በላዓም ከኣ ንባላቅ፡ ኣብዚ ሾብዓተ መሰውኢ ንደቐለይ፡ ሾብዓተ ዝራብዕን ሾ
22,ከምቲ እግዚኣብሄር ኣምላኽኩም ዝኣዘዘኩም ክትገብሩ ድማ ተጠንቀቑ። ካብኡ ንየማን ኰነ ንጸጋም ኣይትዝበሉ።,ነዚ እግዚኣብሄር ኣምላኽካ ኸምቲ ዝኣዘዘካ፡ ከምቲ እግዚኣብሄር ኣምላኽካ ዝኣዘዘ
23,ዶክተር,ዶክተር ዶ
24,እቲ ዜብርህ ቀዋሚ ቐንዴልን ኣቓሑኡን፡ ቀልዒ ቐንዴልን ንምብራህ ዚኸውን ዘይትን፡,ነቲ ቐዋሚ ቐንዴል ንቐዋሚ ቐንዴል ምስ ኣቓሑኡን ቅልዒ ቐነዱን ጽዋኣ
25,ሙሴ ድማ ካብቶም ብሌዋውያን እተበጀዎም ሕልፊ ዝዀኑ፡ ገንዘብ በጃ ወሰደ።,ሙሴ ኸኣ ካብቶም ቊጽሪ ሌዋውያን እተበደሉ ዝሐለፉ፡ እቲ ገንዘብ መበጀዊ ኻብቶም
26,ናብ መንጎ ሰፈር ግብጽን ሰፈር እስራኤልን ኣተወ። ኣብኡ ኸኣ ደበናን ጸልማትን ነበረ፡ ነታ ለይቲ ኸኣ ኣብርሃ። ለይቲ ብምልእታ እቲ ሓደ ናብቲ ሓደ ኣይቀረበን።,ኣብ መንጎ ሰፈር ግብጽን ሰፈር እስራኤልን መጸ። ደበና ኣጋ ጽባሕ ከኣ ነበራ እሞ፡ ብለይቲ ደ
27,ናብ እግዚኣብሄር ምስ ኣእዌና፡ ንሱ ቓልና ሰምዔ፡ መልኣኽ ሰዲዱ ድማ ካብ ግብጺ ኣውጽኣና። እንሆ ኸኣ፡ ንሕና ኣብ ወሰን ዶብካ ኣብ ዘላ ኸተማ ቃዴስ ኣሎና።,ንደይብ ድማ ናብ እግዚኣብሄር ምስ ኣእውሕና፡ ንሱ ኸኣ ቃልና ሰምዔ፡ መልኣኽ 
28,በዘን ኣርብዓ ዓምት ክዳንካ ኣባኻ ኣይበለየን፡ እግርኻውን ኣይሐበጠን።,እዘን ኣርብዓ ዓመት እዚኣቶም ክዳውንትኹም ኣየድሓንን ኣእዳውኩምውን ኣይሰበርን ከኣ።
29,ልያ ኸኣ ካብ ምላድ ከም ዘቛረጸት ምስ ረአየት፡ ዚልጳ ግዝእታ ወሲዳ፡ ንያእቆብ ሰበይቱ ኽትከውን ሀበቶ።,ልያ ድማ ኪዳነይ ምስ ፈጸመት፡ ንሲልጳ ግዝእታ ሒዛ ወሰዳ፡ ንያእቆብ ከኣ
30,ሓደ ሰብ ድማ ጓልን ኣዲኣን እንተ ኣእተወ፡ እዚ ርኽሰት እዩ፡ ርኽሰት ኣብ ማእከልኩም ከይርከብሲ፡ ንሱን ንሳተንን ብሓዊ ይንደዱ።,ሰብኣይ ሰበይትን ኣዲኣን እንተ ኣእተወ፡ እዚ ርኽሰት እዩ፡ ንሱን ንሳን፡ ምእንቲ ኣብ
31,ኣብ ቅድመይ ካልኦት ኣማልኽቲ ኣይሀልዉኻ።,ኣብ ቅድመይ ካልኦት ኣማልኽቲ ኣይሀልዉኻ።
32,ንኣሮን ተዛረቦ በሎ ኸኣ፡ ቀነዲል ምስ እትሰቅል፡ እቲ ሾብዓተ ቐንዴል ናብ ቅድሚ እቲ ቐዋሚ ቐንዴል ከም ዚበርህ ግበሮ።,ንኣሮን ተዛረቦ ኸኣ፡ ነቲ ቐነዲል ምስ እትነቅል፡ እቲ ሾብዓተ ቐነዲል 
33,እዚ ኽነሱ፡ ኣሶር ክሳዕ ዚማርኸካ፡ ቃይን ኪዖኑ እዩ።,ቃየል ክሳዕ ዚዕዘበካ ድማ፡ ኣብ ቤት ማእሰርቲ ኣስጊሁካ ኽሳዕ ዚሕደገካ
34,ኣብኡ ነቶም ብኢድ ሰብ እተገብሩ ብዘይርእዮ፡ ዘይሰምዑ፡ ዘይበልዑ፡ ዘይጨንዉ ኣማልኽቲ ዕጨይትን እምንን ከተገልግሉ ኢኹም።,ነቶም ኣማልኽቲ፡ ግብሪ ኢድ ሰብ፡ ዕጨይትን እምንን ንኣማልኽቲ፡ ኣብኣ ኣማልኽቲ፡ ጠ
35,ካብታ እግዚኣብሄር ኣምላኽካ ኽትከዳ ዝአዘዘካ መገዲ ኼግልሰካ፡ ካብቲ ኻብ ምድሪ ግብጺ ዘውጽኣኩም፡ ካብ ቤት ባርነት ድማ ዘድሐነኩም እግዚኣብሄር ኣምላኽኩም ኬዕልወኩም ተዛሪቡ እዩ እሞ፡ እቲ ነብዪ እቲ ወይ እቲ ሓላም ሕልምታት እቲ ይሙት። በዚ ኸምዚ ነቲ ኽፉእ ካብ ማእከልካ ኣርሕቆ።,እቲ ነብዪ ወይ እቲ ብዛዕባ እቲ ሕልምታት ዝነበሮ ቓል ምሃቡ ንእግዚኣብሄር ኣምላኽ
36,ነቲ ኣነ ዝህበካ ምስክር ኣብቲ ታቦት ከተንብሮ ኢኻ።,ነታ ኣነ ዝህበካ ምስክር ከኣ ናብቲ ታቦት ኣንብሮ።
37,ንሳቶም ከኣ ነቲ ደቂ እስራኤል ንዕዮ ኣገልግሎት መቕደስ ኢሎም ዘምጽእዎ ዅሉ ህያብ ኪዐዩሉ ኻብ ሙሴ ተቐበሉ። ደቂ እስራኤል እቲ ናይ ፍታው ህያቦም ግና ንግሆ ንግሆ የምጽኡ ነበሩ።,ንኣገልግሎት መቕደስ ንምዕያይ ናይ ደቂ እስራኤል ንኣገልግሎት መቕደስ ኪኣገልግ
38,ካብ ወዲ ሰላሳ ዓመት ንላዕሊ ኽሳዕ ወዲ ሓምሳ ዓመት፡ ንዕዮ ዚበቕዑ፡ ኣብ ዕዮ ድንኳን ምርኻብ ኬገልግሉ ዚኽእሉ ዅሎም ቊጸሮም።,ካብ ወዲ ሰላሳ ዓመት ንላዕሊ ኽሳዕ ወዲ ሓምሳ ዓመት ዘለዉ፡ ኣብ ድንኳን ምር
39,ኣነ ቡን ክህልወኒ እዩ,ምሳሕ ክህልወኒ እዩ እሞ፡ ቡን ክህልወኒ እዩ
40,ሮቤል ከኣ እዚ ሰሚዑ ኻብ ኢዶም ኣድሐኖ፡ ነፍሲ ኣይንቕተል፡ ድማ በለ።,ሮቤል ከኣ እዚ ሰሚዑ፡ ካብ ኢዶም ኣድሐነ፡ ንህይወቱ ኣይውሰዶ፡ ድማ በለ።
41,ንሱ ኸኣ፡ ኣይተደናጕዩኒ፡ እግዚኣብሄር መገደይ ኣቕኒዑለይ እዩ፡ ናብ ጐይታይ ክኸይድ ስደዱኒ፡ በሎም።,ንሱ ኸኣ፡ እግዚኣብሄር መገዲይ ፈቲሙኒ እዩ እሞ፡ ኣይትድንግጸኒ፡ ናብ ጐይ
42,ነቲ ኣብ ውሽጢ ደጌኻ ዘሎ ሌዋዊ ድማ፡ ምሳኻ ግደን ርስትን የብሉን እሞ፡ ኣይትሕደጎ።,እቲ ኣብ ውሽጢ ደጌታትካ ዚነብር ሌዋዊ፡ ንሱ ምሳኻ ገለ እኳ ግዴምን ርስትን የ
43,ሽዑ እቲ በዓል ቤት ናብቲ ኻህን መጺኡ፡ ኣብ ቤተይ ከም ቊስሊ ለምጺ ዝበለ ተራእዩኒ፡ ኢሉ ይንገሮ።,ሽዑ እቲ እታ ቤት ዝራእዮ ሰብኣይ መጺኡ ነቲ ኻህን ከምዚ ኢሉ ይበሎ፡ ኣብታ ቤት ገለ ሕ
44,ኣብ እትነብርዎ ዅሉ ብመዓልቲ ሰንበት ሓዊ ኣይተንድዱ።,ኣብ ልዕሊ ናይ ሰንበት መዓልቲ ኣብ ትሕቲ እትነብርዎ፡ ሓዊ ኣይተዕርግዎ።
45,ሕጂ ድማ ስለምንታይ እንመውት፧ እዚ ዓብዪ ሓዊ ኺበልዓና እዩ እሞ፡ ድምጺ እግዚኣብሄር ኣምላኽና መሊስና እንተ ሰማዕና፡ ክንመውት ኢና።,እምበኣርከ ስለምንታይ ንመውት፧ እዚ ዓብዪ ሓዊ እዚ ኺውድኦና እዩ እሞ፡ ስለምንታይ ንመው
46,ወይኖም ካብ ወይኒ ሶዶም፣ ካብ ግራት ጎሞራ ኸኣ እዩ እሞ፣ ዘቢቦም መርዛም ዘቢብ፣ ኣስካሎም ድማ መሪር እዩ።,ፍረ ነዚ እዩ ኻብ ወይኒ ሶዶም ካብ ግራት ጎሞራ፡ ናይ ሱድ ዓይነት ኣውልዕ
47,ካብ ወዲ ሰላሳ ዓመት ንላዕሊ ኽሳዕ ወዲ ሓምሳ ዓመት ዘለዉ፡ ኣብ ዕዮ ድንኳን ምርኻብ ኬገልግሉ ዚአትዉ ዅሎም፡,እቶም ካብ ወዲ ሰላሳ ዓመት ንላዕሊ ኽሳዕ ወዲ ሓምሳ ዓመት ዘለዉ፡ ኣብ ዕዮ 
48,ዓሰርተ ሲቃል ዝሚዛኑ ሓደ ጽዋእ ወርቂ፡ ዕጣን ዝመልኤ፡,ነዊሕ ወርቂ ድኹም ሓርጭ ዝሚዛኑ ሓደ ጽዋእ ወርቂ፡ ዕጣን ዝመልኤ፡ ዕጣን ዝ
49,ዚረኽሰላ መዓልትን ዚነጽሃላ መዓልትን ኬፍልጥ፡ ሕጊ ለምጺ እዚ እዩ።,ንምንጻህ ምዃኑን ምዃኑን ምሃብ፡ ንምንጻህ ብምንታይ ከም ዝዀነን ምሀብ፡ ን
50,ደቂ እስራኤል ድማ በቲ ንቑጽ ናብ ማእከል ባሕሪ ኣተዉ። እቲ ማይ ከኣ ብየመነ ጸጋሞም ከም መንደቕ ደው በለ።,ደቂ እስራኤል ከኣ ናብ ማእከል ባሕሪ ናብቲ ንቑጽ ምድሪ ናብ ገነት ማይ ኣተዉ
51,ካብ ወዲ ስሳ ዓመት ንላዕሊ ድማ፡ ንተባዕታይ እንተ ዀነ፡ ገምጋምካ ዓሰርተው ሓሙሽተ ሲቃል፡ ንጓል ኣንስተይቲ ኸኣ ዓሰርተ ሲቃል ይኹን።,ነቲ ሰብኣይ ካብ ወዲ ስሳን ዓመት ንላዕሊ ምስ ወለደ፡ ገምጋምካ ሰብኣይ እንተ ዀነ፡
52,በላዓም ከኣ ብጊሓት ተንሲኡ ንሹማምቲ ባላቅ፡ እግዚኣብሄር ምሳኻትኩም ከይከይድ ከሊኡኒ እዩ እሞ፡ ንሃገርኩም ኪዱ፡ በሎም።,በላዓም ከኣ ብጊሓት ተንስኤ፡ ነቶም ሹማምቲ ባላቅ፡ እግዚኣብሄር ምሳኻትኩም ኪዱ
53,ናብ ይሁዳ ተመልሊሱ ድማ፡ ኣይረኸብክዋን፡ እቶም ሰብ እታ ቦታ እቲኣ ኸኣ፡ ኣብዝስ ኣመንዝራ ኣይነበረትን፡ ኢሎም በሎ።,ነዚ ኸኣ ናብ ይሁዳ ተመሊሱ፡ ኣይረኸብኩላን፡ ድማ በለ። ናብ እታ ቦታ ድማ ተመ
54,ኣነ ክሬም መጽረዪ ሰኒ ኣለኒ,ኣነ ጽግያት ኣለኒ
55,ካልእ ሰበይቲ እንተ ኣምጽኣሉ ድማ፡ ቀለባን ክዳናን ከም ሰብይቱ ዚግባእን ኣየጕድለላ።,ንእኡ ድማ ካልእ ሰበይቲ እንተ ወሰደ፡ ናብ ርእሱ ካልእ ሰበይቲ እንተ ኣእተወ፡ እንጌራኣ
56,ሙሴን ዓበይቲ እስራኤልን ድማ ነቲ ህዝቢ ኸምዚ ኢሎም ኣዘዝዎ፡ እዚ ኣነ ሎሚ ዝእዝዘኩም ዘሎኹ ዅሉ ትእዛዝ ሐልውዎ።,እቶም ዓበይቲ እስራኤልን ድማ ንሙሴን ንዓበይቲ እስራኤልን ነዚ ኣነ ሎሚ ዝእዝዘኩም
57,ስብሕታት እቲ ዝራብዕን ናይቲ ድዑል ኰልኰሉን ንናውቲ ኸብዲ ዜጐልብብ ቋንጡጥን ኰለሊትን ስብሒ ኸብድን፡,ስብሒ ድዑልን ድዑልን እቲ ስብሒ ገንሸልን ስብሒ ድዑልን እቲ ንናውቲ ኸብዲ ኸብ
58,ዘለዎ ዅሉ ኣብ ኢድ ዮሴፍ ኣሕሊፉ ሀቦ። ዘለዎ ዘበለ ድማ፡ ብዘይ እታ ዝበልዓ እንጌራ ገለኳ ኣይፈለጠን። ዮሴፍ ከኣ መልክዔኛ፡ ትርኢቱ ድማ ጽቡቕ ነበረ።,ንሱ ድማ ንብዘሎ ኣብ ኢድ ዮሴፍ ሀበ፡ ንሱ ኸኣ ገለ ኽፉእ ኣይከአሎን። እቲ
59,ካብቲ ሞት ዚግብኦ ቐታሊ ጋር ነፍሲ ኣይትቀበሉ፡ ርግጽ ሞት ደኣ ይሙት።,ንመዓልቲ እቲ በደለኛ ብሞት ዝቐተለ ጽናሕ ህይወት ኣይትህቦ፡ ንሱ ግና ርግጽ ይ
60,ኣነ ናተይ ሓፍተይ ክሪኦ ደልየ,በጃይ ሓፍተይ ክሪኦ ደልየ
61,ንሱ ግና፤ ንስኻትኩም ሃካያት ኢኹም፡ ሃካያት ኢኹም። ስለዚ፤ ንእግዚኣብሄር ክንስውእ ንኺድ፡ ትብሉ ኣሎኹም።,ንሱ ግና፡ ንስኻ፡ ንስኻ፡ ንስኻ፡ ንስኻ፡ ንስኻ፡ ውሉድ ነፍሲ ኢኻ። ስለዚ 
62,ካብ ሪትማ ነቒሎም ድማ፡ ኣብ ሪሞን-ጰሬጽ ሰፈሩ።,ካብ ሪትማ ነቒሎም ድማ፡ ኣብ ሪሞም-ጰሬጽ ሰፈሩ። ኣብ ሪምሞን-ኣርሲ ሰ
63,ኣብቲ ቐዳማይ እተጋጠመ ኣብ ጥርዚ እቲ ወሰናይ ዓለባ ሓምሳ መኸንትቦ ገበረ። ኣብቲ ኻልኣይ እተጋጠመ ኸኣ ኣብ ጥርዚ እቲ ወሰናይ ዓለባ ሓምሳ መኸንትቦ ገበረ።,በቲ ኣብቲ እተጋጠመ ኣብ ጥርዚ እቲ ብሓደ እተጋጠመ ኣብ ጥርዚ እቲ ወሰናይ ዓለባ ሓምሳ
64,እቲ ኻህን ድማ ካብቲ መስዋእቲ ብልዒ ንመዘከርታ ዚኸውን ኣልዒሉ፡ ኣብ መሰውኢ የሕርሮ። መስዋእቲ ሓዊ ንእግዚኣብሄር ጥዑም ጨና እዩ።,እቲ ኻህን ድማ ካብቲ ናይ መስዋእቲ ብልዒ ንመዘከርታኡ ወሲዱ ኻብቲ መስዋእቲ
65,ምሳይ ኣማልኽቲ ኣይትግበሩ፡ ኣማልኽቲ ብሩርን ኣማልኽቲ ወርቅን ንኣኻትኩም ኣይትግበሩ።,መሊስካ ድማ፡ ምእንትኻትኩም ኣብ መንጎይ ኣማልኽቲ ብሩር ወይ ኣማልኽቲ ወርቅን ኣብ 
66,እንሆ፡ ኣነስ ኪዳነይ ምሳኻ እዩ፡ ንስኻ ኣቦ ብዙሓት ህዝብታት ክትከውን ኢኻ።,ንኣይ ግና እንሆ፡ ኪዳነይ ምስኻ ኣሎ፡ እንሆ፡ ኪዳነይ ምስካ አሎ፡ ንስኻ ድማ ኣቦ ዙ
67,ንስኻትኩም ከኣ፡ እዚኣተን ኣብ ቅድሚ ህዝብታት ጥበብኩምን ምስትውዓልኩምን እየን እሞ፡ ስለዚ ሐልውወን ግበርወን ድማ። ንዂሉ እዚ ሕጋጋት እዚ ሰሚዖም፡ እዚ ዓብዪ ህዝቢ እዚ ብሓቂ ፈላጥን ኣስተውዓልን ህዝቢ እዩ፡ ኪብሉ እዮም።,ነቶም እዚ ዅሉ ሕጋጋት እዚ ኼስምዑ፡ እዚ ጥበብን ፍልጠትን ኣብ ቅድሚ እቶም ዓብዪ
68,እቶም ካባታቶም በብዓሌቶም እተቘጽሩ ኽልተ ሽሕን ሾብዓተ ሚእትን ሓምሳን ኰኑ።,እቶም በብዓሌቶም ካባታቶም እተቘጽሩ ኽልተ ሽሕን ሾብዓተ ሚእትን ሓምሳን ኰኑ።
69,ኣብ ኣገልግሎት ድንኳን ምርኻብ ንመዕየዪ ኪኸውን ካባታቶም ውሰዶ፡ ንሱ ኸኣ ንሌዋውያን ንነፍሲ ወከፍ ከከምቲ ኣገልግሎቱ ሀቦም።,እዚ ኸኣ ንኣገልግሎት ዕዮ ድንኳን ምርኻብ ኬገልግልዎም ተቐበሉ፡ እዚ ኸኣ
70,ሽዑ እግዚኣብሄር ንሙሴ በሎ፡ እዚ ኻብ ምድሪ ግብጺ ዘውጻእካዮ ህዝብኻ በዲሉ እዩ እሞ፡ ኪድ ውረድ።,እግዚኣብሄር ድማ ንሙሴ በሎ፡ እቲ ኻብ ምድሪ ግብጺ ዘደየብካዮ ህዝብኻ ን
71,እግዚኣብሄር ድማ ንሙሴን ንኣሮንን ከምዚ ኢሉ ተዛረቦም፡,እግዚኣብሄር ድማ ንሙሴን ንኣሮንን ከምዚ ኢሉ ተዛረቦም፡
72,ስለዚ ኣዝየ ኽባርኸካ እየ፡ ንዘርእኻ ድማ ከም ከዋኽብቲ ሰማይን ከምቲ ኣብ ገምገም ባሕሪ ዘሎ ሑጻን ኣዝየ ኸብዝሖ እየ። ዘርእኻ ድማ ደጌታት ጸላእቱ ኺወርስ እዩ።,ከብዝሓካ ድማ ብዙሕ ክብዝሓካ እየ። ዘርእኻውን ከም ከዋኽብቲ ሰማይ ከም ዚብል ሑጻን፡ ከም
73,ይሁዳ ድማ፡ እንሆ፡ እዚ ጥቦትዚ ሰዲደ፡ ንስኻ ኸኣ ኣይረኸብካያን እሞ፡ መላገጺ ኸይንኸውንሲ፡ ትውሰዶ፡ በለ።,ሽዑ ይሁዳ፡ ከይትሸበር ንመማለዲ ኽንሕዋት፣ እዚ ቘልዓ እዚ ለኣኽኩልኩም እየ፡ 
74,ንስኻ ንእኡ ኽትዛረቦ ኢኻ፡ እቲ ቓላት ድማ ኣብ ኣፉ ኣንብር። ኣነ ኸኣ ምስ ኣፍካን ምስ ኣፉን ኰይነ እቲ እትገብርዎ ኽምህረኩም እየ።,ንሱ ኸኣ ተዛረብ፡ እቲ ቓላት ከኣ ኣብ ኣፉ ኣንብር፡ እቲ ቓላት ከኣ ኣብ ኣፉ ኣንብር፡
75,ግናኸ እንተ ዘይሰማዕኩምኒ፡ እዚ ዂሉ ትእዛዛት እዚ ኸኣ እንተ ዘይገበርኩም፡,ንኣይ እንተ ዘይሰማዕኩምኒ፡ ኵሉ እዚ ትእዛዛተይ ከኣ ከይትገብሩ፡ ንዅሉ ሕጋጋተይ ከኣ
76,ኣንስትን ሕጻናት ማልን ኣብታ ኸተማ ዘሎ ዅሉን ግና፡ ብዘሎ ምርኮኣ ንኣኻ ምርኮ ውሰዶ። እቲ እግዚኣብሄር ኣምላኻ ዝሀበካ ምርኮ ጸላእትካ ኸኣ ክትበልዕ ኢኻ።,ጥራይ፡ ኣንስትን ደቂ ደዓውልን ማልን ኣብ እታ ኸተማ ዘሎ ዂሉን ኲሉ እቲ ርስቲ ገይሩ
77,ስሳን ሓደን ሽሕ ኣድጊ፡,ሰብዓን ሓደን ሽሕ ኣእዱግን ስሳን ሓደን ሽሕ ኣእዱግ ኰነ፡ ኣእዱግ ሹድሽተ ሚ
78,ኰነ ኸኣ፡ ታቦት ምስ ተላዕለ፡ ሙሴ፡ ዎ እግዚኣብሄር፡ ተንስእ፡ ጸላእትኻ ፋሕ ይበሉ፡ እቶም ዚጸልኡኻ ድማ ካብ ቅድሜኻ ይህደሙ፡ ይብል ነበረ።,ኰነ ድማ፡ እቲ ታቦት ምስ ተጓዕዘ፡ ሙሴ፡ እግዚኣብሄር፡ ተንሲእካ ተንስእ፡ ጸ
79,ስሞም ከኣ እዚ እዩ፡ ካብ ነገድ ሮቤል ሻሙዓ ወዲ ዛኩር፡,ካብ ነገድ ሮቤል፡ ሻምኡ ወዲ ዛኮር። ካብ ነገድ ሮቤል፡ ሻምኡ ወዲ ዛኳ
80,ሓዊ ወጺኡ ሓጹር እንተ ረኸበ፡ እሞ ቅሚጦ ወይ ዘይዕጹድ ወይ ግራት እንተ በልዔ፡ እቲ ሓዊ ዘንደደ ኻሕሳ ይኽሐስ።,ካብ ሓዊ እንተ ወጸ እሞ ነቲ ኣብ ግራት ዝባን ድርቋን ወይ ነቲ ኣብ ግራት ዘሎ ስርናይ ወይ
81,ሰብ ንወዱ ኸም ዚቐጽዕ፡ እግዚኣብሄር ኣምላኽካ ድማ ከምኡ ኸም ዝቐጽዓካ፡ ብልብኻ ፍለጥ።,ሰብ ንወዱ ከም ዚቕተል፡ ከምኡ እግዚኣብሄር ኣምላኽካ ንኣኻ ኸም ዝቕተሎ፡ ብል
82,ኣብ ማእከሎም ክነብር ኢለ ኻብ ምድሪ ግብጺ ኸም ዘውጻእክዎም፡ ኣነውን እግዚኣብሄር ኣምላኾም ከም ዝዀንኩ ኺፈልጡ እዮም። ኣነ እግዚኣብሄር ኣምላኾም እየ።,ምእንቲ ኣብ ማእከሎም ምእንቲ ኽነብር፡ ካብ ምድሪ ግብጺ ዘውጻእኩሎም ኣነ እግዚኣብ
83,ኣብ መወዳእታ ኣርብዓ መዓልቲ ድማ ካብ ምስላይ እታ ምድሪ ተመልሱ።,ድሕሪ ኣርብዓ መዓልቲ ኻብ ምድሪ ኺስልዩ ኸኣ ካብ ምድሪ ተመሊሶም ተመሊሶም ድ
84,ካብቶም ናብ ውግእ ከይዶም ዝነበሩ ሰብ ውግእ፡ ካብ ሰብን ካብ ኣሓን ካብ ኣእዱግን ካብ ኣባጊዕን ከካብ ሓሙሽተ ሚእቲ ሓንቲ ነፍሲ ንእግዚኣብሄር ግብሪ ኣልዕል።,እቶም ናብ ውግእ ከይዶም ዝነበሩ ሰባት ንእግዚኣብሄር ንመስዋእቲ ብልዒ፡ ካብ ሰባት
85,ዓሰርተ ሲቃል ዝሚዛኑ ሓደ ጽዋእ ወርቂ፡ ዕጣን ዝመልኤ፡,ከም ዕጣን ዝሚዛኑ ሓደ ጽዋእ ወርቂ፡ ዓሰርተ ሲቃል ዝሚዛኑ ሓደ ጽዋእ ወርቂ፡ ዕ
86,ወለዶ ኤሳው፡ ኣቦ ኤዶማውያን ኣብ ከረን ስዒር እዚ እዩ።,ደቂ ኤሳው፡ ኣብ ከረን ስዒር ነቦ ኤዶማውያን፡ እቲ ኣቦ ኤዶማውያን፡ እዚ እዩ።
87,ዝናም ምድርኻ ብጊዜኡ ምእንቲ ኺህብ እሞ፡ ኵሉ ተግባር ኢድካ ድማ ኪባርኸ፡ እግዚኣብሄር እቲ ጽቡቕ መዝገቡ፡ ሰማይ፡ ኪኸፍተልካ እዩ። ንብዙሓት ህዝብታት ከተለቅሕ ኢካ፡ ንስኻ ግና ገለ እኳ ኣይትልቃሕን ኢኻ።,እግዚኣብሄር፡ ስርናይ ሃገርካ በብጊዜኡ ንምዕራብ ምእንቲ ኼዳልወካ፡ ነቲ ብዅሉ ተ
88,ሚሽማዕን ዱማን ማሳን፡,ሚሽማም ዲማም ድማ ሙሻም ማትሃስ ሜሳዕ ገይሩ ኸኣ፡
89,ገንዘብካ ብሓረጣ ኣይትህቦ፡ እኽልኻ ኸኣ ብረብሓ ኣይትሀቦ።,ገንዘብካ ብኽራይ ኣይተሕሰበሉ፡ እንጌራኻውን ብኽራዩ ኣይትሀብ።
90,ምስ ሰምዔ፡ ጸኒሑ ፈጺሙ ኸንቱ እንተ ገበሮ ግና፡ ንሱ በደላ ይጸውር። እቲ ብዛዕባ ኣብ መንጎ ሰብኣይን ሰበይትን፡ ኣብ መንጎ ኣቦን ጓልን ብጊዜ ንእስነታ ኣብ ቤት ኣቦኣ ኸላ፡ እግዚኣብሄር ንሙሴ ዝኣዘዞ ሕጋጋት እዚ እዩ።,ኣብ ቤት ኣቦኣ ኣብ ወዲ እታ ቘልዓ ኺወልድ ከላ፡ ኣብ መንጎ ሰብን ሰበይቱን ኣብ መንጎ
91,ካብ በረካ ሲና ነቒሎም ከኣ፡ ኣብ ቂብሮት-ሃታኣባ ሰፈሩ።,ካብ በረካ ሲና ነቒሎም ከኣ፡ ኣብ ቂብሮት-ሃታኣባ ሰፈሩ፡ ኣብ ቂብሮት-ሂታ
92,በቲ ደም ንጽህናኣ ኸኣ ሰላሳን ሰለስተን መዓልቲ ትቀመጥ፡ መዓልትታት ምንጽሃ ኽሳዕ ዚመልአ ቅዱስ ነገር ኣይትተንኪ ናብ መቕደስውን ኣይትእቶ።,ድማ ምሉእ ሰላሳን ሰለስተን መዓልቲ ኣብ ደም ጽርየታ ትቀመጥ፡ መዓልትታት ጽር
93,ምድሩን ምድሪ ዖግ ንጉስ ባሳንን፡ ናይ ክልቲኦም ነገስታት ኣሞራውያን፡ ኣብ ማዕዶ ዮርዳኖስ፡ ብምብራቕ ጸሓይ ዝነበረ፡ ሐዙ።,ንሳቶም ድማ ነታ ሃገሩን ሃገር ኦግ ንጉስ ባሳንን፡ ክልተ ኣብ መንጽር ዮርዳኖስ ን
94,ንስኻስ፡ ንእግዚኣብሄር ኣምላኽካ ቅዱስ ህዝቢ ኢኻ እሞ፡ እግዚኣብሄር ኣምላኽካ፡ ካብ ኲሎም ኣብ ልዕሊ ገጽ ምድሪ ዘለዉ ህዝብታት ፈልዩ፡ ህዝቡ ኽትኰኖ ሓረየካ።,ብእኣ ንእግዚኣብሄር ኣምላኽካ ቅዱስ ህዝቢ ኢኻ። ንኣኻ ድማ ንእግዚኣብ
95,ነንሓደ ጻሕሊ ብሩር ሚዛኑ ሚእትን ሰላሳን ሲቃል፡ ነንሓደ ጭሔሎ ድማ ሰብዓ፡ ናይቲ ዅሉ ኣቓሑ ብሩር ብሲቃል መቕደስ ክልተ ሽሕን ኣርባዕተ ሚእትን ሲቃል ኰነ።,ሰብዓ ሲቃል ዝሚዛኑ ሓደ ጻሕሊ ብሩር፡ ሚእትን ሰላሳን ሲቃል፡ ሓደ ጭሔሎ ብሩር ድ
96,ንስኻ ግና ብሰላም ናብ ኣቦታትካ ኽትከይድ ኢኻ፡ ብጽቡቕ እርጋን ድማ ክትቅበር ኢኻ።,ናብ ኣቦታትካ ብደሓን ትኸይድ፡ ናብ ኣቦታትካ ድማ ብደሓን ትኸይድ፡ ኣብጽ
97,ጎና,
98,እታ ተስዲዶምዋ ዝነበሩ ምድሪ ስደቶም፡ ሃገር ከንኣን ክህቦም ምስታቶም ኪዳነይ ኣቘምኩ።,እታ ኣብ ልዕሊ እታ ስደተኛታት ነበራኦም ከሎምን ኪዳነይ ምስኦም ከቕውም እየ፡ ነታ፡ ኣብኣ ተ
99,ፈርኦን ድማ ነቶም ጠቢባንን ሰረይትን ጸውዖም። ንሳቶም፡ እቶም ጠንቈልቲ ግብጺ፡ ብስራዮም ከምኡ ገበሩ።,ሽዑ ፈርኦን ንጥበበኛታትን ንመውደቕቲ ዛዕጐልን ጸዊዑ። ንሳቶም ድማ ብመሳልል
100,ሽዑ ያእቆብ ኣዝዩ ፈርሄ ተጨነቐውን። ምስኡ ንዝነበሩ ሰብን ጤለበጊዕን ኣሓን ኣግማልን ድማ ኣብ ክልተ ጋንታ መቐለ፡,ኣምላኽ ድማ፥ ያእቆብ ኣዝዩ ፈርሁ ከኣ በይኑ፡ ተናደደ። ምስኡ ዘሎ ህዝብን ኣባጊ
101,ብዛዕባኡ ሓጢኣት ከይጾሩ፡ እንተ ኣርከስዎ ድማ፡ ከይሞቱ፡ ትእዛዘይ ይሐልዉ። ዝቕድሶም ኣነ እግዚኣብሄር እየ።,እቶም ንኣታቶም ብምምንንዛሩ ብሓጢኣት ከይጾሩን ብሞት ከይሞቱን፡ እቲ ዜቕርቦም ኣነ እግዚ
102,እቲ ዓብይን መፍርህን ኣምላኽ፡ እግዚኣብሄር ኣምላኽካ፡ ኣብ ማእከልካ እዩ እሞ፡ ብኣታቶም ኣይትፍራህ።,እግዚኣብሄር ኣምላኽካ ኣብ ማእከልካ ዓብይን ዓብይን ኣምላኽ እዩ እሞ፡ ብኣታቶም ኣይትሸበር
103,እቲ ዘርኢ እተኻዕዎ ኽዳውንትን ማእስን ኲሉ ብማይ ይተሐጸብ፡ ክሳዕ ምሸት ከኣ ርኹስ ይኹን።,ኲሉ ክዳውንትን ኲሉ ቘርበትን ስም እቲ ዘርኢ ኣብ ዝዀነ ቐይሕን ዝዀነ ቘርበትን ብማይ
104,ኣምላኽ ከይሕሱ፡ ሰብ ኣይኰነን። ከይጠዐስ ከኣ፡ ወዲ ሰብ ኣይኰነን። ንሱ ዝበሎስ ኣይገብሮንዶ፧ እተዛረቦስ ኣይፍጽሞንዶ፧,እቲ ዜድሕን ወዲ ሰብ ድማ፡ ኣይሀድምን ኣምላኽ ደኣ ኣይኰነን፡ ወዲ ሰብ ድማ፡ ከይፍራ
105,በይኑ እንተ ዀይኑ ዝመጸ፡ በይኑ ይውጻእ። ባዓል ሰበይቲ እንተ ዀይኑ፡ እታ ሰበይቱ ከኣ ምስኡ ትወጽእ።,ንሱ ብገጹ እንተ ኣተወ፡ ብገጹ ይውጻእ። ሓራ እንተ ኸለዎ ግና፡ ንሱ ብጊጹ ይውጻእ።
106,ንዚሐርር መስዋእቲ ሓደ ዝራብዕ፡ ሓደ ድዑል፡ ሓደ ገንሸል ዓመት።,ንዚሐርር መስዋእቲ ሓደ ዝራብዕ፡ ሓደ ድዑል፡ ሓደ ድዑል፡ ሓደ ገንሸል ዓመት፡
107,ሽዑ ንጉስ ነተን መሕረስቲ ጸዊዑ፡ ነቶም እተወልዱ ብህይወት እትሐድጋኦምሲ፡ ስለምንታይ ከምዚ ገበርክን፧ በለን።,እቲ ንጉስ ግብጺ ድማ ነተን መሕረስቲ ጸዊዑ፡ ስለምንታይ እዚ ነገርዚ ገበርኩምዎ፡ ነተን ደቂ
108,ምግቢ አበይ ክረክብ እክእል,ምግቢ አበይ ክረክብ እክእል
109,ነፍሲ ዝቐተለ ዘበለ እቲ ቐታሊ ብኣፍ ምስክር ይቀተል፡ ምስክር ሓደ ግና ንሞት ነፍሲ ምስክር ኣይኹን።,ንሰብ ዝቐተለ ዘበለ፡ እቲ ቐታሊ ቐታል ነፍሲ እዩ እሞ፡ እቲ ቐታሊ ብኣፍ ምስክር ይሙት።
110,ኣብ መበል ዓሰርተው ሓደ መዓልቲ ጳግዒኤል ወዲ ዖክራን፡ ሹም ደቂ ኣሴር፡,ዓሰርተው ሓደን መዓልቲ ጳግዒኤል ወዲ ዖክራን፡ ሹም ደቂ ኣሴር፡ ኣብ ዓስረይቲ መዓልቲ
111,ሙሴ ኸኣ ንሖባብ ወዲ ረዑኤል ሚድያናዊ፡ ሓሙ ሙሴ፡ ንሕና ናብታ እግዚኣብሄር፡ ንኣኻትኩም ክህበኩም እየ፡ ዝበለና ቦታ ንጐዐዝ ኣሎና። እግዚኣብሄር ብዛዕባ እስራኤል ጽቡቕ ተዛሪቡ እዩ እሞ፡ ጽቡቕ ክንገብረልካ ምሳና ኺድ፡ በሎ።,ሙሴ ድማ ንሖባብ ወዲ ረኤል፡ ወዲ ሙሴ፡ ሓሙ ሙሴ፡ ናብታ እግዚኣብሄር
112,መስዋእትኻ ኣብ መቚሎ ኻብ እተሰንከተ እንተ ዀይኑ፡ ካብ ድኹም ሓርጭ ብዘይቲ እተቘምጥዔ ዘይበዂዔ ይኹን።,ንመስዋእስትኻ ኣብ ብልዒ መስዋእቲ ብልዒ እንተ ዀነ ድማ፡ ካብ ዘይበዂዔ ድኹም ሓር
113,ሙሴ ድማ እቲ እግዚኣብሄር ብእኡ ዝለኣኾ ዅሉ ቃልን እቲ ዝኣዘዞ ዅሉ ትእምርትታትን ንኣሮን ነገሮ።,ሙሴ ድማ ንኣሮን እቲ እግዚኣብሄር ዝሰደዶ ዅሉ ቓላትን እቲ ኣዘዞ ዅሉ ት
114,ኣብርሃም ድማ፡ ንወደይ ናብኣ ኸይትመልሶ ተጠንቀቕ።,ንኣብርሃም ከኣ፡ ንወደይ ናብኡ ኸይተምለስሲ፡ ንወደይ ደኣ ናብኡ ኣይትምለስሲ፡ በ
115,እምበኣር ኣብ ላዕሊ ኣብ ሰማይ ኣብ ታሕቲ ኸኣ ኣብ ምድሪ፡ እግዚኣብሄር፡ ንሱ ኣምላኽ ከም ዝዀነ ካልእ ከምዜልቦ፡ ሎሚ ፍለጥ፡ ኣብ ልብኻውን ሕሰቦ።,ሎሚ ፍለጥ፡ እግዚኣብሄር ኣምላኽ ኣብ ላዕሊ ሰማይ ካብ ምድሪ ኣብ ትሕቲ ምድ
116,ኣጽዋር ሒዞም ምሳኻትኩም እንተ ዘይተሳገሩ ግና፡ ኣብ ምድሪ ከነኣን ኣብ ማእከልኩም ይረስተዩ፡ በሎም።,ግናኸ ምስ ኣጻብዑ እንተ ዘይሐለፉ፡ ግናኸ ብዳርባ እምኒ እንተ ዘይሐለፉ፡ ኣብ ምድሪ ከነኣን 
117,ዎ እስራኤል፡ ስማዕ፡ እግዚኣብሄር ኣምላኽና ሓደ እግዚኣብሄር እዩ።,እስራኤል፡ ስማ እስራኤል፡ እግዚኣብሄር ኣምላኽና እዩ፡ እግዚኣብሄር ሓደ እዩ፡
118,ንዚፈትዉንን ትእዛዛተይ ንዚሕልዉን ግና ክሳዕ ኣሽሓት ምሕረት ዝገብር እየ።,እቶም ዚፈትዉኒ፡ ትእዛዛተይ ንዚሕልዉ ኸኣ ንዚሕልዉ ኸኣ፡ ክሳዕ ሽ
119,ሰለስተ ሳዕ ኣብ ዓመት በዓል ግበረለይ።,በብዓመቱ ሳልሳይ ሳዕ ኣብ ዓመት በዓል ከኣ ኣብዕልለይ።
120,ክባርኻ እየ፡ ህዝብታት ከኣ ክትከውን እያ፡ ነገስታት ህዝብታት እኳ ደኣ ኻብኣ ኪዀኑ እዮም፡ በሎ።,ባሪኹ ድማ፡ ብኣኣ ውሉድ ከወልደልካ እየ፡ ብእኣ ኸኣ ወዲ እህበካ እየ። ኣነ ባ
121,እግዚኣብሄር ኣብ ኢድኩም ኣሕሊፉ ኺህበኩም እዩ፡ ከምቲ ዝአዘዝኩኹም ኵሉ ትእዛዝ ከኣ ግበርዎም።,እግዚኣብሄር ድማ ንኣታቶም ኣብ ቅድሜኻ ኺህበካ እዩ፡ ንስኻ ድማ ከምቲ ዝአዘ
122,እግዚኣብሄር ነቲ ርባ ኻብ ዚወቕዖ ሾብዓተ መዓልቲ ኣኸለ።,እግዚኣብሄር ነቲ ርባ ምስ ወቕዖ፡ ሾብዓተ መዓልቲ ድማ ኰነ። እግዚኣብሄር ነቲ 
123,ንቓላት እዚ ሕጊ እዚ ኺገብሮ ዘየጽንዖ ርጉም ይኹን። ኵሉ ህዝቢ ድማ፡ ኣሜን፡ ይበል።,ሕጊ እዚ ሕጊ እዚ ንምግባሩ ዘይተዛረቦ ንሱ ይጽሩይ ይኹን። ኵሉ ህዝቢ ድማ፡ ኣሜ
124,ንኽልቲኦም ድቤላ ወሲዱ ድማ ኣብ ቅድሚ እግዚኣብሄር ኣብ ኣፍ ድንኳን ምርኻብ ደው የብሎም።,ኣድጊ ድማ ነቲ ኽልተ ድቤላ ወሲዱ ኣብ ቅድሚ እግዚኣብሄር፡ ኣብ ኣፍ ድንኳን
125,ቲምናዕ ድማ ሰበይቲ ወሰኑ ንኤሊፋዝ ወዲ ኤሳው ነበረት እሞ፡ ኔሊፋዝ ኣማሌቅ ወለደትሉ። እዚኣቶም ደቂ ዓዳ ሰበይቲ ኤሳው እዮም።,ቲምናት ድማ ንኤሊፋዝ ወዲ ኤሳው ከኣ ሰበይቲ ኤሊፋዝ ወዲ ኤሳው ሰበይቱ ነበረት፡
126,ዓሞናዊ ወይ ሞኣባዊ ናብ ማሕበር እግዚኣብሄር ኣይእቶ። ካብኦም ዓስራይ ወለዶ እኳ ኽሳዕ ዘለኣለም ናብ ማሕበር እግዚኣብሄር ኣይእቶ።,እሞ ዓሞናዊን ሞኣባውያንን ናብ ማሕበር እግዚኣብሄር ኣይእቶ። ካባታቶም ንዘለኣለም
127,ሰበይቲ ኽዳን ሰብኣይ ኣይትከደን፡ ሰብኣይ ከኣ ክዳን ሰበይቲ ኣይከደን፡ ከምዚ ዚገብር ዘበለ ኣብ እግዚኣብሄር ኣምላኽካ ፍንፉን እዩ።,ንሱ እዚ ነገርዚ ዚገብር ኵሉ ኣብ እግዚኣብሄር ኣምላኽካ ፍንፉን እዩ እሞ፡ ሰበ
128,እንስሳ ዝቐተለ ይተክእ፡ ህይወት ኣብ ክንዲ ህይወት።,ንሰብ ዚቐትል ዝቐተለ፡ ንህይወት ጽቡቕ ይግበር።
129,እግዚኣብሄር ድማ ንሙሴ ኸምዚ ኢሉ ተዛረቦ፡,እግዚኣብሄር ድማ ንሙሴ ኸምዚ ኢሉ ተዛረቦ፡
130,ኣብቲ ኣቕርንቱ ድማ ኣሮን ኣብ ዓመት ሓንሳእ የተዓርቕ። ንውሉድ ወለዶኹም ብደም መስዋእቲ ናይ ምትዕራቕ ሓጢኣት ኣብ ዓመት ሓንሳእ የተዓርቕ። ንሱ ንእግዚኣብሄር ቅዱስ ቅዱሳን እዩ።,ሽዑ ኣሮን ብሓንቲ ዓመት ኣብ ኣእጋሩ የተዐርቆ፡ በቲ ደም መስዋእቲ ሓጢኣት ንመተዓ
131,ወለዶ ደቂ ዳን በብዓሌቶም፡ በብማይ ቤት ኣቦታቶም፡ በብስሞም እተቘጽሩ፡ ካብ ወዲ ዕስራ ዓመት ንላዕሊ ናብ ውግእ ዚወጹ ዅሎም፡,ካብ ደቂ ዳን በብዓሌቶም፡ በብማይ ቤት ኣቦታቶም፡ በብስሞም እተቘጽሩ፡ ካብ ወዲ ዕ
132,መሊሳ ኸኣ ጠነሰት ወዲውን ወለደት፡ ሰለስተ ወዲ ወሊደሉ እየ እሞ፡ ሕጅስ ሰብኣየይ ኣባይ ኪለግብ እዩ፡ በለት። ስለዚ ስሙ ሌዊ ተባህለ።,ድሕሪት ጠነሰት ወዲውን ወለደት፡ እናወለደት ድማ ወዲ ወለደት፡ በለት። ሰለስተ ወዲ ወ
133,ሰብ ተተናዅሉ ንብጻዩ ብጕርሒ እንተ ቐተሎ ኸኣ፡ ኪመውት ካብ መሰውእየይ ኣውጽኣዮ።,ብሓሶት ሰብ እንተ ደለየ፡ ብሓሶት ንብጻዩ እንተ ሰጐጎ፡ እሞ ምእንቲ ኺመውት እንተ ደለየ፡ 
134,እቲ ኣብቲ ሓወልቲ ዝቐባእካሉን፡ ኣብኡ ድማ መብጽዓ እተማባጻዕካለይን ኣምላኽ ቤት-ኤል፡ ኣነ እየ። ሕጂ ተንስእ እሞ ካብዛ ምድሪ እዚኣ ወጺእካ ናብታ ተወለድካላ ሃገር ተመለስ፡ በለኒ።,ኣነ እግዚኣብሄር ኣምላኽ ቤት-ኤል እየ፡ ኣብታ ሓወልቲ ኸዐወልኩም፡ እቲ መብጽዓ እተ
135,ደቂ ሮቤልን ደቂ ጋድን ድማ ኣዝየን ብዙሓት ማል ነበራኦም። እንሆ ኸኣ፡ ምድሪ ያዕዜርን ምድሪ ጊልኣድን ቦታ ማል ከም ዝዀነ ምስ ረኣዩ፡,ደቂ ሮቤልን ደቂ ጋድን ድማ ዓብዪ ሚእቲ ከብቲ ነበራኦ። ነታ ምድሪ ያዕዘርን ምድሪ
136,ንዚሐርር መስዋእቲ ሓደ ዝራብዕ፡ ሓደ ድዑል፡ ሓደ ገንሸል ዓመት፡,ንዚሐርር መስዋእቲ ሓደ ዝራብዕ፡ ሓደ ድዑል፡ ሓደ ድዑል፡ ሓደ ገንሸል ዓመት፡
137,ኰነ ድማ ክትወልድ ከላ፡ እቲ ሓደ ኢዱ ኣውጽኤ፡ እታ መሕረሲት ከኣ፡ እዚ ቕድም ወጸ፡ ኢላ ቀይሕ ፈትሊ ወሲዳ ኣብ ኢዱ ኣሰረትሉ።,ኣጋ ኽትፈላልዮ ኸላ፡ ሓንቲ በትሪ ኸደት፡ እታ ሰበይቲ ድማ ወሲዳ ኸኣ ሓንቲ
138,እቶም ካብ ዓሌታት ደቂ መራሪ እተቘጽሩ፡ ከምቲ እግዚኣብሄር ብኢድ ሙሴ ዝአዘዞ፡ ሙሴን ኣሮንን ዝቘጸርዎም፡ እዚኣቶም እዮም።,ነቶም ሙሴን ኣሮንን ብትእዛዝ እግዚኣብሄር ብኢድ ሙሴ ዝቘጸርዎም በብዓሌታት ደቂ 
139,ሞኣብ ከኣ፡ እቲ ህዝቢ ብዙሕ ስለ ዝዀነ፡ ብእኡ ኣዝዩ ፈርሄ። ሞኣብ ብደቂ እስራኤል ተሸበረ።,ብዙሕ ህዝቢ ስለ ዝነበሩ፡ ሞኣብ ከኣ ካብቲ ህዝቢ ኽይፈርህ ፈራህ። ሞኣብ ድማ
140,ሙሴ ግና ኣብ ቅድሚ እግዚኣብሄር ኣምላኹ ኸምዚ ኢሉ ተማህለለ፡ ዎ እግዚኣብሄር፡ ስለ ምንታይ ኵራኻ ኣብዚ ብዓብዪ ሓይልን ብጽንዕቲ ኢድን ካብ ምድሪ ግብጺ ዘውጻእካዮ ህዝብኻ ይነድድ፧,ሙሴ ድማ ንእግዚኣብሄር ኣምላኹ ጸልአ፡ ዎ እግዚኣብሄር፡ ስለምንታይ ኣብ ህዝብ
141,ኪኸውን ድማ እዩ፡ እንተ ዘይኣመኑኻ፡ ንቓል እቲ ቐዳማይ ትእምርቲ እንተ ዘይሰምዑ፡ ንቓል እቲ ዳሕራይ ትእምርቲ ኺአምኑ እዮም።,በዚ ኺኸውን ከኣ እዩ፡ ንስኻ ኣይትመንእዩን ድምጺ እታ ቐዳማይ ምልክት ካብ ዘይሰምዑ፡
142,ደቂ ጌርሾን ከኣ በብማይ ቤት ኣቦታቶምን በብዓሌቶምን ቊጽሮም ውሰድ።,ደቂ ጌርሾን በብማይ ቤት ኣቦታቶም በብዓሌቶም ቊጸርዎም።
143,ላባን ከኣ፥ ብሓቂ ንስኻ ዓጽመ ስጋይ ኢኻ፡ በሎ። ወርሒ ዚአክልውን ምስኡ ተቐመጠ።,ላባን ከኣ፡ ንስኻን ወሰኑን ስጋይን፡ ንስኻን ንሱን ብርግጽ ንስኻን ኢደይን ንእ
144,ነቲ ማሕደር ኣጸድ ግበረሉ፡ ነቲ ኣጸድ ብሸነኽ ደቡቡ ነቲ ሓደ ወገኑ፡ ብእተፋሕሰ ልሕጺ እንጣጢዕ ሚእቲ እመት ዝምንዋሑ መጋረጃታት ግበር።,ካብ ኣፍ ድንኳን ከኣ ኣጸድ ግበርሉ፥ ብሸነኽ ደቡብ፡ ብሸነኽ ደቡብ ድማ ሓደ 
145,ካብ ነገድ ኤፍሬም ሆሸዓ ወዲ ነዌ፡,ካብ ነገድ ኤፍሬም፡ ሖሻኤል ወዲ ነዌ፡
146,ኣይትስረቕ።,ኣታ ኣይትስረቕ።
147,ካብ ሪሳ ነቒሎም ከኣ፡ ኣብ ቄሄላታ ሰፈሩ።,ካብ ሪሳ ነቒሎም ከኣ፡ ኣብ ቃሄላታ ሰፈሩ፡ ኣብ ቃሄላታ ድማ ሰፈሩ።
148,ምእንቲ ኸይሞቱ ኣእዳዎምን ኣእጋሮምን ይተሐጸቡ። እዚ ኸኣ ንኣታቶም፡ ንእኡን ንዘርኡን፡ ንውሉድ ወለዶኦም፡ ስርዓት ዘለኣለም ይኹን።,ብኸምዚ ኸምኡ ኸይሞቱ፡ ኣእዳዎምን ኣእጋሮምን ሕጸቡ፡ እሞ ከይሞቱ ኸኣ፡ እዚ 
149,በልዎም ድማ፤ ኣብ ቅድሚ ፈርኦንን ኣብ ቅድሚ ገላዉኡን ጨናና ኣኽፋእኩም፡ ንምቕታልና ኸኣ ሴፍ ኣብ ኢዶም ኣትሓዝኩምዋም። ስለዚ እግዚኣብሄር ይርኤኹም፡ ይፍረድ ድማ።,ነዒንቲ ድማ፡ ምእንቲ ኼጥፍኣና ሴፍ ኣብ ኢዶም ኬእቱ፡ ኣብ ዓይኒ ፈርኦንን
150,ሙሴን እቶም ካህናት ሌዋውያንን ከኣ ንዅሉ እስራኤል ከምዚ ኢሎም ተዛረቡ፡ ዎ እስራኤል፡ ስቕ ኢልካ ስማዕ፡ ሎሚ ህዝቢ እግዚኣብሄር ኣምላኽካ ዄናካ ኢኻ።,ሙሴን ካህን ሌዋውያንን ድማ ንዂሉ እስራኤል ከምዚ ኢሎም ተዛረብዎም፡ ዎ እስራኤል፡ 
151,ናይቲ ዝራብዕ ስጋን ቈርበትን ፈርስን ግና፡ መስዋእቲ ሓጢያት እዩ እሞ፡ ኣብ ወጻኢ ሰፈር ብሓዊ ኣንድዶ።,ሓጢኣት እዩ እሞ፡ ስጋ እቲ ዝራብዕን ቈርበት ቈርበትን ዕንፍሩር ገበሮ፡ እዚ መስ
152,ካብ ነገድ ደቂ ዛብሎን፡ ሹም ኤሊጻፋን ወዲ ጳርናክ።,ካብ ነገድ ደቂ ዛብሎን፡ ሹም ኤልያፋን ወዲ ፓናሕ።
153,ሳራ ኸኣ፡ ኣምላኽ ሰሓቕ ገበረለይ፡ እዚ ዝሰምዔ ዘበለ ኹሉ ኸኣ ምሳይ ይስሕቕ፡ በለት።,ካብታ ምድሪ ኸኣ ወዲ ሓደ ጸብሪ ድማ ኣቢሉ ዀና።
154,ዝቕድሶ ኣነ እግዚኣብሄር እየ እሞ፡ ዘርኡ ኣብ ማእከል ህዝቡ ኣየርክስ።,እግዚኣብሄር እተቐደሰሉ እየ እሞ፡ ዘርኡ ኣብ መንጎ ህዝቡ ኣይተርክስ፡ ኣነ እግዚኣብሄር እየ እ
155,ይሁዳ ድማ ንዔር በዅሪ ወዱ ታማር ዝስማ ሰበይቲ ኣምጽኣሉ።,ያእቆብ ከኣ ንኤር በዅሪኡ ሰበይቲ ወሰደ፡ ስሙ ድማ ታማር ተባህለት።
156,ካብ ወይንን ካብ ዜስክር መስተን ይፈለ፡ ዝመጸጸ ወይኒ ዀነ ወይ ዝመጸጸ ዜስክር መስተ ኣይስተ፡ ገለ ኻብ ወይኒ እተጸምቈ ኣይስተ፡ ካብ ወይኒ ድማ ብሰዊቱ ዀነ ወይ ብንቚጹ ኣይብላዕ።,ካብ ወይንን ካብ መስተን ይፍለ፡ ወይኒ ወይ ካብ እተገብረ መስተን ኣይሰቲ። ወይኒ ወይ ካብ
157,ካብ ምድሪ ግብጺ ኻብ ዚወጹ፡ ኣብ ካልኣይቲ ዓመቶም ኣብታ ቐዳመይቲ ወርሒ ድማ እግዚኣብሄር ኣብ በረኻ ሲና ንሙሴ ኸምዚ ኢሉ ተዛረቦ።,እግዚኣብሄር ካብ ምድሪ ግብጺ ምስ ወጹ፡ ካብታ ኻልአይቲ ዓመት፡ ኣብታ ቐዳመይቲ
158,ንገንዘብ ሽጦ፡ እቲ ገንዘብ ኣብ ኢድካ ሒዝካ ኸኣ፡ ናብታ እግዚኣብሄር ኣምላኽካ ዝሐረያ ቦታ ኺድ።,ሽዑ ኽትሽጦ ናብ ገንዘብ ኣንግሶ፡ ነቲ ገንዘብ ኣብ ኢድካ ኣንብሮ፡ ነቲ ገንዘብ
159,ጓል ፈርኦን ድማ፥ ነዚ ሕጻንዚ ወሲድኪ ኣጥብውለይ፡ ኣነ ኸኣ ዓስብኺ ኽህበኪ እየ፡ በለታ። እታ ሰበይቲ ድማ ነቲ ሕጻን ወሲዳ ኣጥበወቶ።,ጓል ፈርኦን ከኣ፡ እዚ ሕጻን እዚ ወሲድካ ንኣይ ሐጽቦ እሞ፡ ገምጋምካ ኸኣ
160,ሙሴ ድማ፡ እቶም ህዝቢ በብዓሌቶም ነፍሲ ወከፍ ኣብ ኣኣፍ ድንኳኑ ኺበኽዩ ሰምዔ። ኵራ እግዚኣብሄር ከኣ ኣዝዩ ነደደ፡ እዚ ድማ ኣብ ዓይኒ ሙሴ ኽፉእ ኰይኑ ተራእየ።,ሙሴ ኸኣ ነቶም ህዝቢ ኻብ ዓሌቶም ኣብ ኣፍ ደገ ድንኳኑ፡ ነፍሲ ወከፍ ሰብ ካብ ዓ
161,ሙሴ ኸኣ ነቲ ህዝቢ ኸምዚ ኢሉ ተዛረቦ፡ ካባኻትኩም ሰባት ንውግእ ይዳለዉ፡ ኣብ ሚድያን ሕነ እግዚኣብሄር ኪፈድዮ ኸኣ ንሚድያን ይኺዱ።,ሙሴ ድማ ነቶም ህዝቢ፡ ንሚድያን ኪወጹ፡ ናይ እግዚኣብሄር ረጊም ኪገብርዎ፡
162,ነፍሲ ወከፍ ሰበይቲ ኻብ ጐረቤታን፡ ካብታ ኣብ ቤታ እትነብርን ኣቕሓ ብሩርን ኣቕሓ ወርቅን፡ ክዳውንትን ትለምን። ነዚ ኣብ ኣወዳትኩምን ኣዋልድኩምን ግበርዎ፡ ንግብጻውያን ከኣ ትገፍዎም።,ሰብኣይ ብጊሓት ድማ ካብ ኣንስቲ እታ ቤታ ኻብ እታ ንሳ ዚሐቅላ ሰበይቲ ኒቕ
163,ቅኑዕ ሚዛን፡ ቅኑዕ መምዘኒ፡ ቅኑዕ ኤፋ፡ ቅኑዕ ሂን ድማ ይሀሉኹም። ካብ ምድሪ ግብጺ ዘውጻእኩኹም ኣነ እግዚኣብሄር ኣምላኽኩም እየ።,ካብ ምድሪ ግብጺ ዘውጻእኩኹም ኣነ እግዚኣብሄር ኣምላኽኩም እየ፡ ህያው ኤፋን ሓደ 
164,እግዚኣብሄር ድማ ኣብ ግብጺ፡ ኣብ ፈርኦንን ኣብ ብዘሎ ቤቱን፡ ኣብ ቅድሚ ዓይንና ዓበይትን ዚጐድእን ትእምርትን ተኣምራትን ገበረ።,ሽዑ እግዚኣብሄር ኣብ ግብጺ፡ ኣብ ፈርኦንን ኣብ ኵላ ቤቱን፡ ኣብ ቅድሚ ኣዒንትና 
165,በዛ መዓልቲ እዚኣ እግዚኣብሄር ኣምላኽካ ነዚ ሕጋጋትን ፍርድታትን ክትገብሮ ይእዝዘካ ኣሎ እሞ፡ ብዅሉ ልብኻን ብዅሉ ነፍስኻን ሐልዎን ግበሮን።,እግዚኣብሄር ኣምላኽካ ሎሚ እዚ ሕጋጋትን ፍርድታትን እዚ ኽትገብሮ፡ ኪእዝዘካ፡ ብዂ
166,ኣይፈልጥን,ኣነ ኣይፈልጥ ኣየ
167,ደርሆ አበይ ክረክብ እክእል,ደርሆ አበይ ክረክብ እክእል
168,እዞም ሰባት እዚኦም ምሳና ሰብ ሰላም እዮም፡ እዛ ምድሪ ድማ እንሃ፡ ንኣታቶም እትኣክል ገፋሕ እያ እሞ፡ ኣብዛ ምድሪ ይቀመጡን ይንገዱላን። ኣዋልዶም ንኣና ኣንስቲ ንወስድ፡ ኣዋልድና ድማ ንኣታቶም ንሀቦም።,እነዚ ሰባት እዚኦም ምሳና ቅኑዑ እዮም እሞ፡ ኣብዛ ሃገር ይቀመጡ፡ ይግበር ድማ፡ 
169,ብልብኻ፡ ሓይለይን ጽንዓት ኢደይን እዚ ዅሉ ሃብቲ ደለበለይ፡ ከይትብል እዩ።,ብልብኻ ድማ፡ ሓይሊን ሓይሊ ኢደይ እዛ ኽብረት እዚኣ እዚኣ ዜድለይኒ ነዚ ህ
170,እዘን ቃላት እዚኤን እግዚኣብሄር ኣብቲ ኸረን ካብ ማእከል ደበናን ጣቓን ዓው ኢሉ፡ ንብዘላ ማሕበርኩም ተዛረበ፡ ካልእ ኣይወሰኸን። ኣብ ክልተ ጽላት እምኒ ጺሒፉ ኸኣ ንኣይ ሀበኒ።,እዚ ነገር እዚ እግዚኣብሄር ኣብቲ ኸረን ካብ ማእከል ሓዊን ደበናን ብዓብዪ ድምጺ ን
171,ኣብ ማእከል ደቂ እስራኤል ምእንቲ ክቕደስሲ፡ ነቲ ቅዱስ ስመይ ኣይተርክስዎ። ዝቕድሰኩም ኣነ እግዚኣብሄር እየ።,ቅዱስ ስመይ ኣይተርክሱ፡ ኣብ ማእከል ደቂ እስራኤል ግና ኣነ እግዚኣብሄር ቀዲሰኩም እየ።
172,እግዚኣብሄር ድማ ንሙሴን ንኣሮንን፡ ኣብ ቅድሚ ደቂ እስራኤል ክትቅድሱኒ ብኣይ ስለ ዘይአመንኩም፡ ስለዚ ነዛ ማሕበር እዚአ ናብታ ዝሀብክዎም ምድሪ ኣይተእትውዎምን ኢኹም፡ በሎም።,እግዚኣብሄር ድማ ንሙሴን ንኣሮን፡ ኣብ ኣዒንቲ ደቂ እስራኤል ከኽብርሲ፡ ምእንቲ
173,ኣቦ ብዙሓት ህዝብታት ገይረካ እየ እሞ፡ ኣብርሃም ደኣ እምበር፡ ደጊም ስምካ ኣብራም ኣይጸዋዕ።,ዓብይን ህዝብታትን ኣቦኻ ገበርኩኻ እሞ፡ ስምካ ኣብራም ደኣ እምበር፡ ኣምላኽ ኵሎም 
174,እንድሕሪ ረኸሰት፡ እቲ ዝሰደዳ ቐዳማይ ሰብኣያ፡ ሰበይቱ ኽትከውን፡ መሊሱ ኺወስዳ ኣይኽእልን። እዚ ኣብ ቅድሚ እግዚኣብሄር ኣምላኽካ ፍንፉን እዩ እሞ፡ ንርስቲ ዚህበካ ምድሪ ሓጢኣት ኣይተምጽኣላ።,ነታ እግዚኣብሄር ኣምላኽካ ንርስቲ ዚህበካ ምድሪ፡ እቲ ዘውጻኣት ሰብኣያ ኽት
175,ንደቅኻ፡ ካልኦት ኣማልኽቲ ምእንቲ ኼምልኹ ካብ ምስዓበይ ይመልሶም እሞ፡ ኵራ እግዚኣብሄር ኣብ ልዕሌኹም ይነድድ፡ ቀልጢፉ ኸኣ የጥፍኣካ።,ኣወዳትካ፡ ንኻልኦት ኣማልኽቲ ኸኣ ኪግዝኡኒ፡ ንእግዚኣብሄር ናብ ልዕሌኺ
176,ካብ ወዲ ሰላሳ ዓመት ንላዕሊ ኽሳዕ ወዲ ሓምሳ ዓመት ዘለዉ፡ ኣብቲ ዚዕየ ዕዮ ኼገልግሉ፡ ድማ ኣብ ድንኳን ምርኻብ ብምጽዋር ኬገልግሉ ዚአትዉ ዅሎም፡,ወዲ ሰላሳ ዓመት ንላዕሊ ኽሳዕ ወዲ ሓምሳ ዓመት ዘለዉ፡ ኣብ ዕዮ ኣገልግሎትን 
177,ብዕራይ ሓደ ሰብ ንብዕራይ ካልእ ሰብ እንተ ቐተለ፡ ነቲ ብህይወት ዘሎ ብዕራዩ ሸይጦም ሽያጡ ይማቐሉ።ነቲ ምዉት ከኣ ይማቐልዎ።,ኣብዑር ሓደ ሰብ ወይ ናይ ካልእ ሰብ ዝወቕዔ ዓስቢ እንተ ቐተለ፡ እሞ እንተ ሞተ፡ ነቲ ህ
178,እግዚኣብሄር ሓይለይን መዝሙረይን እዩ፡ ምድሓን ከኣ ኰነኒ። እዚ ኣምላኸይ እዩ እሞ፡ ከክብሮ እየ። ኣምላኽ ኣቦይ እዩ፡ ክብ ከብሎ እየ።,ንሱ ድማ ሓጋይን መዝሙርን እዩ። ንሱ መሓለለይ እዩ። እዚ ኣምላኸይ እዩ፡ ኣነ 
179,ንብጻይካ ገለ ለቕሓ ምስ እትለቅሖ፡ ታሕዚ ኽትወስድ ናብ ቤቱ ኣይትእቶ።,እቲ ብጻይካ ገለ ገንዘብ ብዕጭ እንተለዐልካ፡ ናብ ቤቱ ነቲ ታሕዙ ኽትእቶ ኣይትኣ
180,ኣምላኽ ከምዚ ገይሩ ማል ኣቦኽን ኣግዲፉ ንኣይ ሀበኒ።,በዚ እግዚኣብሄር ከብቲ ኣቦኻ ወሰዶ፡ ንኣይ ሀበኒ፡ በሎ።
181,ሙሴ ድማ፡ በዛ መዓልቲ እዚኣ በረኸት ምእንቲ ኺወሀበኩም፡ ነፍሲ ወከፍ ብወዱን ብሓዉን ሎሚ ንእግዚኣብሄር ተቐደሱ፡ በለ።,ሙሴ ድማ፡ ሎሚ በረኸት ኪስውእልኩምሲ፡ ነፍሲ ወከፍ ኣብ ደቁን ኣብ ሓዉን፡ ብእኡ
182,ራሄልን ልያን ከኣ፡ ደጊምዶ ኣብ ቤት ኣቦና ግደ ወይ ርስቲ ኣልዩና፧,ሽዑ ራሄልን ልያን፡ ኣብ ቤት ኣቦና ግደ ወይ ርስትናዶ ምእንትና ኣሎ፧ በልዎ፡ ኣብ
183,ማሎምን ገንዘቦምን፡ ኵሉ እንስሳኦምንከ ናትናዶ ኣይኰነን፧ ሓንትስ ሕራይ ደኣ ንበሎም እምበር፡ ምሳና ኺነብሩ እዮም።,ማል ማል ድማ ርስቶምን ኲሉ ኣራዊቶምን ንኣናዶ ይኹኑ፧ እንታይ ጌርካ ንኣና ምእን
184,ኣምላኽ፡ ከኣ ንሙሴ፡ እቲ ዘሎኹ እየ ዘሎኹ፡ በሎ። በለ ድማ፡ ንደቂ እስራኤል፡ እቲ ኣሎኹ ናባኻትኩም ለኣኸኒ፡ በሎም።,ኣምላኽ ከኣ ንሙሴ፡ ኣነ ኽነ ኸም ዝዀንኩ፡ በሎ፡ ኣነ ንሙሴ፡ እኔኹ፡ በለ
185,እቶም እተቘጽሩ፡ ሙሴን ኣሮንን እቶም ዓሰርተው ክልተ ሰባት መሳፍንቲ እስራኤልን ዝቘጸርዎም እዚኣቶም እዮም፡ ንሳቶም ሓሓደ ነናይ ማይ ቤት ኣቦታቱ እዮም።,ነቶም እተቘጽሩ፡ ሙሴን ኣሮንን ቊጸርዎም እቶም ቚጹራት፡ ሙሴን ኣሮንን ድማ ትሽ
186,ሙሴ ድማ ንማኪር ወዲ ምናሴ ጊልኣድ ሀቦ፡ ኣብኣ ኸኣ ተቐመጠ።,ሙሴ ድማ ጊልኣድ ንማኪር ወዲ ምናሴ ሀቦ፡ ኣብኣውን ተቐመጠ። ኣብኣውን ተቐመጠ።
187,ከም ብሓድሽ ከኣ ደጊማ ወዲ ወለደት፡ ስሙውን ሼላ ኣውጽኣትሉ። ንእኡ ኽትወልድ ከላ፡ ይሁዳ ኣብ ከዚብ ነበረ።,ነዲድ መሊሳ ኸኣ ወዲ ወለደት ስሙ ሼላ ኣውጽኣት እሞ ስሙ ሸላ ኣውጽኣትሉ።
188,ካብ ኦቦት ተጓዒዞም ድማ፡ ኣብ መንጽር ሞኣብ ብሸነኽ ምብራቕ ኣብ ዘሎ በረኻ ኣብ ዒየ-ዓባሪም ሰፈሩ።,ካብ ኣቦት ነቒሎም ከኣ፡ ኣብ ዖቦት ነቒሎም ድማ፡ ኣብቲ ኣብ መንጽር ሞኣብ ዘሎ በረ
189,ንኣኻ ኻብ ኦም ጎፌር መርከብ ስራሕ። ነታ መርከብ ክፍልታት ግበረላ፡ ውሽጣን ግዳማን ከኣ ብቕጥራን ለቕልቃ።,ባሕሪ ድማ ካብ ዕጨይቲ ሽጢም ግበረሉ፡ ኣብቲ መርከብ ደን መተዓረቒ ግበረሉ
190,ኣብታ ቐዳመይቲ መዓልቲ ቅዱስ ኣኼባ ይኹን፡ ተግባር ዕዮ ዘበለ ኣይትዕየዩ።,በታ ቐዳመይቲ መዓልቲ ቅዱስ ኣኼባ ይኹነልኩም። ተግባር ዕዮ ዘበለ ኣይትዕየዩ።
191,ሴሩግ ድማ ሰላሳ ዓመት ገበረ፡ ንናሆር ከኣ ወለደ።,ሴሩግ ከኣ ሰላሳ ዓመት ገበረ፡ ንናሆር ድማ ወለደ።
192,ሳራ ድማ ጠነሰት፡ በቲ ኣምላኽ እተዛረቦ ምዱብ ወርሓት ከኣ ንኣብርሃም ኣብ እርግናኡ ወዲ ወለደትሉ።,እቲ ቘልዓ ድማ ንኣብራም ተራእዮ፡ ንሱ ድማ ንኣብራም ብሓደ ገጽ በረኸት
193,ደቂ እስራኤል ከኣ ካብ ራዕምሴስ ነቐሉ፡ ኣብ ሱኮት ከኣ ሰፈሩ።,ደቂ እስራኤል ድማ ካብ ራዕምሴስ ነቒሎም ኣብ ሱኮት ሰፈሩ።
194,ኣብ ማእከል ህብታት ትጠፍኡ፡ ምድሪ ጸላእትኹም ድማ ትውሕጠኩም።,እሞ፡ ኣብ መንጎ ህዝብታት ክትጠፍእ ኢኻ፡ ምድሪ ጸላእትኻ ድማ ክትበልዓካ እዩ፡ 
195,ስም እቲ ኻልኣይ ርባ ድማ ጊሆን እዩ፡ ንሱ ንዅላ ምድሪ ኩሽ ይዞራ።,ኣብርሃም ድማ ነቲ እታ ሳራ ዝወለደትሉ ወዱ ይስሃቅ ኣውጽኣሉ።
196,ካባኻትኩም ጠቢባንን መስተውዓልትን ፍሉጣትን ሰባት ከካብ ነገድኩም ኣውጽኡ፡ ሓላቑኹም ክገብሮም እየ።,በብነገዶኹም ካብ ጥበበኛን ዚፈልጡን መላእኽቲ ፈልጡ፡ ከም ነገድኩም ወሰድክዎም 
197,እዚ ድማ ሕጊ ዘለኣለም ይኹነሎም። እቲ ማይ ምንጻህ ዝነጸገ ኸኣ ክዳውንቱ ይሕጸብ፡ እቲ ማይ ምንጻህ ዝተንከየ ድማ ክሳዕ ምሸት ርኹስ ይኹን።,ንኣታቶም ሕጊ ዘለኣለም ይኹን። እቲ ማይ ንምንጻህ ዝተንከዮ ኸኣ ክዳውንቱ ይሕጸብ፡ እ
198,እታ ንእሽቶ፡ ንሳ ድማ ወዲ ወለደት፡ ስሙ ብንዓሚ ኣውጽኣትሉ። ንሱ ኽሳዕ ሎሚ ኣቦ ደቂ ዓሞን እዩ።,ደቂ እታ ንእሽቶ ኸኣ ወዲ ወለደ፡ ስሙውን ቤን ዓሚ ወዲ ኣውጽኣትሉ፡ ስሙውን ቤ
199,ያእቆብ ድማ ነሕዋቱ፡ ኣእማን ኣክቡ፡ በሎም። ንሳቶምውን ኣእማን ኣኪቦም ጨርሒ ጨርሑ፡ ኣብኡ ከኣ ኣብቲ ጨርሒ በልዑ።,ያእቆብ ድማ ነሕዋቱ፡ ኣእዱግ ኣእትዉ፡ በሎም ከኣ፡ ኣእቲግ ኣእትዉ፡ በሎም ድማ
200,ሾብዓተ መዓልቲ ንእግዚኣብሄር መስዋእቲ ሓዊ ኣቕርቡ፡ ብሳምነትይቲ መዓልቲ ቅዱስ ኣኼባ ይኹነልኩም፡ ንእግዚኣብሄር ከኣ መስዋእቲ ሓዊ ኣቕርቡ። ዓብዪ በዓል ማሕበር እዩ፡ ተግባር ዕዮ ዘበለ ኣይትዕየዩ።,ሾብዓተ መዓልቲ ንእግዚኣብሄር መስዋእቲ ሓዊ ሰውኡ። በታ ሳምነይቲ መዓልቲ ኸ
201,ኣራንሺ አበይ ክረክብ እክእል,ካራን አበይ ክረክብ እክእል
202,ንሳቶምውን ካብ ዙርያ እቲ ሰፈር ቆራሕን ዳታንን ኣቢራምን ኣግለሱ። ዳታንን ኣቢራምን ግና ወጺኦም፡ ምስ ኣንስቶምን ደቆምን ሕጻናቶምን ኣብ ኣፍ ድንኳውንቶም ደው በሉ።,መሊሶም ድማ ካብ ድንኳን ቆራሕ ዲዳንን ኣቢራምን በብሸነኽ ገጽ ንገጽ ኣልዒ
203,እግዚኣብሄር ድማ ንሙሴ ኸምዚ ኢሉ ተዛረቦ፡,እግዚኣብሄር ድማ ንሙሴ ኸምዚ ኢሉ ተዛረቦ፡
204,ንመስዋእቲ ምስጋና ኸኣ ክልተ ብዕራይ፡ ሓሙሽተ ድዑል፡ ሓሙሽተ ድቤላ፡ ሓሙሽተ ገንሸል ዓመት፡ ቊርባን ኣሒዔዘር ወዲ ዓሚሻዳይ እዚ እዩ።,ንመስዋእቲ ምስጋና ኸኣ ክልተ ብዕራይ፡ ሓሙሽተ ድዑል፡ ሓሙሽተ ድቤላ፡ ሓሙ
205,ሽዑ ኣብርሃም ብገጹ ተደፍኤ፡ ስሒቑ ድማ ብልቡ፡ ንወዲ ሚእቲ ዓመትዶ ወዲ ይውለደሉ፧ ሳራ፡ ጓል ተስዓ ዓመትከ ትወልድዶ፧ በለ።,ሽዑ ኣብርሃም ተንሲኡ በሉ፡ ኣብርሃም ድማ ዓው ኢሉ በል፤ ንሱ ከኣ ሚእቲ ዓመት ዝ
206,ካብ ነገድ ስምኦን ሻፋት ወዲ ሖሪ፡,ካብ ነገድ ስምኦን፡ ሻፋት ወዲ ሖር።
207,ንሳቶም ግና ናብ ርእሲ እቲ ኸረን ኪድይቡ ደፈሩ፡ ታቦት ኪዳን እግዚብሄርን ሙሴን ግና ካብ ሰፈር ኣይለቐቑን።,ንሳቶም ግና ናብ ርእሲ እቲ ኸረን ኪድይብዎ ሐሊፎም ግና፡ ናብ ርእሲ
208,ደቂ እስራኤል ድማ ከምኡ ገበሩ። ሓደ ብዙሕ፡ ሓደ ኸኣ ሒደት ኣከቡ።,ደቂ እስራኤል ድማ ከምኡ ገበሩ፡ ሓለፋ ብዙሕን ሓለፋ ሒደት ኣከቡ።
209,ነብሰይ ክሕፀብ ደልየ,ኣነ ዚሕጸብ ክሕፀብ እለብየ
210,ሰብ ኣብ ሓደ ድንኳን ምስ ዚመውት፡ እቲ ሕጊ እዚ እዩ፡ ነፍሲ ወከፍ ናብቲ ድንኳን ዝአተወን ነፍሲ ወከፍ ኣብቲ ድንኳን ዘሎን ሾብዓተ መዓልቲ ርኹስ ይኹን።,ሰብ ኣብ ድንኳን ምስ ዚመውት እዚ ሕጊ እዚ እዩ፡ ናብ ድንኳን ዝአተወ ዂሉ፡ ናብ 
211,ደርሆ አበይ ክዕድግ እክእል,ሕፍረት አበይ ክዕድግ እክእል
212,ሕፍረት ኣቦኻን ሕፍረት ኣዴኻን ኣይትቕላዕ፡ ኣዴኻ እያ እሞ፡ ሕፍረታ ኣይትቕላዕ።,ናይ ኣቦኻን ናይ ኣዲኻን ሕፍረት ኣይትቕላዕ፡ ሕፍረት ኣዴኻ ድማ ኣይትቕላዕ። ን
213,ኰነ ኸኣ፡ ነቲ ቀለቤትን ኣምባርን ኣብ ኢድ ሓብቱ ምስ ረኣየ፡ ዘረባ ርብቃ ሓብቱ ድማ፡ እቲ ሰብኣይ ከምዚ ኢሉ ተዛረበኒ፡ ክትብል ምስ ሰምዔ፡ ናብቲ ሰብኣይ መጸ፡ እንሆ ኸኣ፡ ምስተን ኣግማል ኣብ ጥቓ ዔላ ደው ኢሉ ነበረ።,ደሓር ድማ ዀነ፡ ነቲ ቐላብትን ኣምባርን ኣብ ኣእዳው ሓብቱ ምስ ረኣየ፡ ቃላት 
214,ዓሳ አበይ ክዕድግ እክእል,ስጋ ሓሰማ አበይ ክዕድግ እክእል
215,ናዝራዊነቱ ንኣምላኽ ኣብ ርእሱ እዩ እሞ፡ በቦኡን በዲኡን ብሓዉን ብሓብቱን ብሞቶም ኣይርከስ።,ናብ ኣምላኽ ኣብ ርእሱ እዩ እሞ፡ ምስ ዚመውቱ፡ ነቦኡን ነዲኡን ሓዉ ወይ ሓብቱ ወ
216,እግዚኣብሄር ኣምላኽ ድማ ነታ ኻብ ሰብኣይ ዝወሰዳ መሰንገለ፡ ሰበይቲ ገይሩ፡ ሰርሓ እሞ ናብቲ ሰብኣይ ኣምጽኣ።,ነቲ ዝፈትውካዮ ወድኻ፡ ወዲ ይስሃቅ፡ እቲ ንሱ ዝፈትውካዮ ደቅኻ፡ ይስሃቅ፡ ወ
217,እግዚኣብሄር ድማ ንሙሴ ኸምዚ ኢሉ ተዛረቦ፡,እግዚኣብሄር ድማ ንሙሴ ኸምዚ ኢሉ ተዛረቦ፡
218,እግዚኣብሄር ሓድሽ ነገር እንተ ገበረ ግና፡ እዚኣቶም ምስ ዅሉ ዘለዎም ብህይወቶም ናብ ሲኦል ኪወርዱ፡ ምድሪ ኣፋ ኸፊታ እንተ ወሐጠቶም፡ ሽዑ እዞም ሰባት እዚኦም ንእግዚኣብሄር ከም ዝነዐቕዎ ኽትፈልጡ ኢኹም፡ በለ።,እግዚኣብሄር ካልእ ነገር እንተ ገበረ፡ እታ ምድሪ ኸኣ ኣፋ ኸልቢ ጠቢቓ፡ እቲ ዜቕን
219,ያሬድ ከኣ ሚእትን ስሳን ክልተን ዓመት ገበረ፡ ንሄኖክ ድማ ወለደ።,ያሬድ ድማ ሚእትን ስሳን ክልተን ዓመት ገበረ፡ ንሄኖክ ከኣ ወለደ።
220,እሞ ኸምቲ እግዚኣብሄር ብሙሴ ዝበሎ፡ ልቢ ፈርኦን ተረረ፡ ንደቂ እስራኤል ከኣ ኣይሐደጎምን።,እልቢ ፈርኦን ድማ ተረረ፡ ከምቲ እግዚኣብሄር ብኢድ ሙሴ ዝበሎ ንደቂ እስራኤል ከምኡ
221,ምስናይ ደም ገለ እኳ ኣይትብልዑ። ኣይትጠንቊሉን ኣይተማርቱን።,ኣይትብልዑ፡ ብደም ብስጋ ምስ ዜብሉ ኣይትብልዑ፡ ጣኦታት ኣይትዕጠቑን ድማ ኣማልክቲ ኣይትስ
222,ናብ ካህናት፡ ደቂ ኣሮን፡ የምጽኣዮ፡ እቲ ኻህን ድማ ካብቲ ድኹም ሓርጩን ካብቲ ዘይቱን ምሉእ ኢድ ወሲዱ፡ ምስ ኲሉ እቲ ዕጣኑን ገይሩ ንመዘከርታኡ ኣብ መሰውኢ የሕርሮ፡ መስዋእቲ ሓዊ ንእግዚኣብሄር ጥዑም ጨና እዩ።,እሞ ናብ ደቂ ኣሮን፡ ካህናት፡ የምጽኣዮም፡ ካብቲ ድኹም ሓርጭን ዘይቱን ምስ ኲሉ ዕ
223,ኰነ ኸኣ፡ ኣብ መወዳእታ እተን ኣርብዓ መዓልትን ኣርብዓ ለይትን እግዚኣብሄር እተን ክልተ ጽላት እምኒ፡ ጽላት ኪዳን፡ ሀበኒ።,ኰነ ኸኣ፡ ኣብ መወዳእታ ኣርብዓ መዓልቲን ኣርብዓ ለይትን ድማ ክሳዕ ወድኤ፡ እግዚ
224,ኰነ ኸኣ፡ ሙሴ ኢዱ ምስ ዜልዕል፡ እስራኤል ይስዕር ነበረ፡ ኢዱ ምስ ዜውርድ ድማ፡ ኣማሌቅ ይስዕር ነበረ።,ኰነ ኸኣ፡ ሙሴ ኢዱ ምስ ኣልዐለ፡ እስራኤል ሐደገ። ኢዱ ምስ ዐደገ ኸኣ፡ ኣማ
225,ደቅኹም ከኣ ኣብ በረኻ ኣርብዓ ዓመት ጓሶት ኪዀኑ እዮም፡ ሬሳኹም ኣብ በረኻ ኽሳዕ ዚጠፍእ ከኣ ምንዝርናኹም ኪጾሩ እዮም።,ንደቅኻ ድማ ኣርብዓ ዓመት ኣብ በረኻ ስደተኛታት ኪዀኑ፡ ሞትካ ኽሳዕ ዚውዳእ 
226,ንዂሉ እቲ ስብሑ ድማ፡ ከምቲ ንስብሒ መስዋእቲ ምስጋና ዚግበር፡ ኣብ መሰውኢ የሕርሮ። እቲ ኻህን ድማ ካብ ሓጢኣቱ የተዐርቆ፡ ይሕደገሉ ኸኣ።,ከም ስብሒ መስዋእቲ ምስጋና ብጌጋ፡ ከም ስብሒ መስዋእቲ ምስጋና ኣብ መሰውኢ የሕርሮ፡ እቲ ኻ
227,ሄኖክ ድማ ስሳን ሓሙሽተን ዓመት ገበረ፡ ንማቱሳላ ኸኣ ወለደ።,ኣኖክ ድማ ስሳን ሓሙሽተን ዓመት ገበረ፡ ንማቱሳላ ኸኣ ወለደ።
228,እብቲ መሮር ሃለው ኪብል ከሎ፡ እንሆ፡ ሓደ ሰብኣይ ረኸቦ። እቲ ሰብኣይ ከኣ፡ እንታይ ትደሊ ኣሎኻ፧ ኢሉ ሐተቶ።,ግናኸ ሓደ ሰብኣይ ረኸቦ። እንሆ ኸኣ፡ ኣብ መሮር ኰይኑ ኸደ። እቲ ሰብኣይ ከኣ
229,ኣብራም ኣብ ምድሪ ኸነኣን ዓሰርተ ዓመት ምስ ገበረ፡ ሳራይ፡ ሰበይቲ ኣብራም፡ ነታ ግብጻዊት ግዝእታ ኣጋር ወሲዳ ንኣብራም ሰብኣያ፡ ሰበይቱ ኽትከውን ሀበቶ።,ሳራይ ሰበይቲ ኣብራም ድማ ድሕሪ ኣብ ምድሪ ከነኣን ዓሰርተው ትሽዓተ ዓመት ገ
230,ምሳኻ ኣብ ሓንቲ ኻብ ደጌታትካ ዝሔሸቶ ኣብ ዝሐረያ ቦታ ይቀመጥ፡ ኣይተጥቅዓዮ ኸኣ።,ኣብ ሓንቲ ኻብ ደጌታትካ፡ ኣብኣ ኣብታ ንሱ ቐደም ዝሐረያ ቦታ፡ ኣብ ማእከልካ፡
231,መሰውኢ ድማ ካብ ዕጨይቲ ሽጢም ሓሙሽተ እመት ዝምንዋሑ፡ ሓሙሽተ እመት ዝምግፋሑ ግበር።እቲ መሰውኢ ኣርባዕቲኡ መኣዝኑ ማዕረ፡ ምብራኹ ድማ ሰለስተ እመት ይኹን።,ድማ መሰውኢ ኻብ ዕጨይቲ ሽጢም ግበር፡ ዓሰርተ እመት ምግፋሑ ኸኣ ሓሙሽተ
232,ደጊማ ኸኣ ጠነሰት ወዲውን ወለደት፡ ስሙ ድማ ኦናን ኣውጽኣትሉ።,ንሳ ኸኣ መሊሳ ጠነሰት ወዲውን ወለደት፡ ስሙ ድማ ኦናን ኣውጽኣትሉ።
233,ድሕርዚ ድማ ጓል ወለደት፡ ስማ ኸኣ ዲና ኣውጽኣትላ።,ድሕርዚ ድማ ጓል ወለደት እሞ ስሙ ዲና ኣውጽኣትሉ።
234,ላሜክ ድማ ነንስቱ በለን፥ ዓዳን ጺላን፡ ቃለይ ስምዓ፡ ኣትን ኣንስቲ ላሜክ፡ ናብ ዘረባይ ጽን በላ፡ ስለ ቝስለይ ሰብኣይ፡ ስለ ስምብራተይ ድማ ጐበዝ ቀተልኩ።,ላሜክ ከኣ ንሰበይቱ ኣዳታንን ጺላን፡ ንሰብኣያ ብስሕለት ንምብላዕ ዝቐተልኩ ሰብ
235,ንሳ ኸኣ፡ ሼላ ዓብዪ ኽንሱ፡ ሰበይቱ ኽትከውን ከምዘይተዋህበት ረኣየት እሞ፡ ክዳን ምብልውናኣ ኣንቢራ፡ መጐልበቢ ተጐልቢባ ኣብ ጥቓ መገዲ ቲምናት ኣብ ዘላ ደገ ዔናይም ተቐመጠት።,ሸላሕ ከኣ ዓልባታ ኽዳን ምብላሳ ኣውሪዳ፡ መጐልበቢኣ ኣልዒላ ድማ መላጸ ኽ
236,ነቶም ካብ ደቂ እስራኤል መዕየይቲ ኪዀኑ፡ ሓላቑ ፈርኦን ዝሸምዋም ድማ፤ እቲ እተመደበልኩም ዕዮ ጡብ ደኣ ትማልን ሎምንከ ኸመይ ከም ቀደምኩም ዘይመላእኩም፧ ኢሎም ገረፍዎም።,እቶም መዕየይቲ ፈርኦን ዝሰደዶም ሓላቑ ደቂ እስራኤል ከኣ ተረረ፡ ስለምንታይ ኢኹም፧ ኣብ
237,ካምታኣለኪ ዶ ,ካምታኣለኪ ዶ
238,ቃል እግዚኣብሄር ንዒቑ፡ ትእዛዙ ኸኣ ኣፍሪሱ እዩ እሞ፡ ንሱ ፈጺሙ ይመንቈስ፡ ሓጢኣቱ ኣብ ርእሱ እዩ።,ሕጂ ኸኣ ቃል እግዚኣብሄር ስለ ዘየቋረጸ፡ ትእዛዛቱውን ስለ ዘጥለማ፡ እታ ነፍሲ እቲኣ
239,ንሕና ወርወርናሎም፡ ሔስቦን ክሳዕ ዲቦን ጠፍኤት። ክሳዕ ኖፋሕ፡ ክሳዕ ሜድባ ዚበጽሕ ኣዐኖና።,ንሔስቦን ድማ ክሳዕ ዲቦን ጠፍኤና። ሔስቦን ክሳዕ ዲቦን ጠፍኤና።
240,በታ ጊዜ እቲኣ እግዚኣብሄር በለኒ፡ ከምተን ቀዳሞት ዝበላ ኽልተ ጽላት እምኒ ጽረብ እሞ ናባይ ናብ ከረን ደይብ፡ ካብ ዕጨይቲ ድማ ታቦት ግበር።,እግዚኣብሄር ከኣ በታ ጊዜ እቲኣ፡ ከምተን ቀዳሞት ዝበላ ኽልተ ጽላት እምኒ፡ ከምተን ቀዳ
241,ሕጂ ድማ ኪዱ ዕየዩ። ሓሰር ኣይትወሀቡን፡ እቲ ምዱብ ቍጽሪ ጡብ ግና ክትህቡ ኢኹም።,እሞ ሕጂ ኺድ፡ እቲ ሓሰር ኣይህበካን እዩ እሞ፡ ሓደ ቝጽሪ ሽጢም ኣግልሱ፡ ብእኡ
242,እግዚኣብሄር ድማ ንሙሴ፡ እቲ ናይ ምቕዳስ መሰውኢ ቚርባኖም ሓደ ሹም ንመዓልቲ፡ ሓደ ሹም ንመዓልቲ የቕርቡ፡ በሎ።,ሙሴ ድማ፡ እዚ ንኻልኦት ሹማምቶም ንመሰውኢ ምቕዳሶም ነንመዓልቱ መስዋእ
243,ሙሴ ኢትዮጵያዊት ሰበይቲ ኣእትዩ ነበረ እሞ፡ ሚርያምን ኣሮንን ብዛዕባ እታ ዘእተዋ ኢትዮጵያዊት ሰበይቲ ኣብ ልዕሊኡ ተዛረቡ።,ኣሚርያምን ኣሮንን ከኣ፡ ንሱ ኸኣ ንእሽቶ ኸድን መኻን ኢሉ ነበረ እሞ፡ ንሙሴ ስለ እ
244,ፈርኦን፡ ተኣምራት ኣርእዩኒ፡ ኢሉ እንተ ተዛረበኩም፡ ንኣሮን፡ በትርኻ ወሲድካ ናብ ቅድሚ ፈርኦን ደርብያ እሞ፡ ተመን ክትከውን እያ፡ በሎ።,ፈርኦን ኪምሲ፡ ተኣምራት ግበር፡ ኢሉ ምስ ዚብለካ፡ ሽዑ ኣሮን፥ ጅምር ግበር፡ ኢ
245,ነቲ ስጋኡ ድማ በታ ለይቲ እቲኣ ይብልዕዎ፡ ብሓዊ ጠቢሶም፡ ምስ ቅጫን ምስ መሪር ሓምልን ይብልዕዎ።,በታ ለይቲ እቲኣ ኸኣ እቲ ስጋ፡ ብሓዊ እተሰንከተ ምስ ብዅዕ እንጌራ ብላዕ እሞ ብዘይቲ እንጌ
246,ሳራይ ከኣ ንኣብራም፡ እንሆ፡ ኣነ ኸይወልድ እግዚኣብሄር ዓጽዩኒ እዩ፡ ምናልባሽ ብእኣ እንተ ተፋሬኹ፡ በጃኻ ናብዛ ግዝእተይ እቶ፡ በለቶ። ኣብራም ድማ ንቓል ሳራይ ሰምዔ።,ሳራይ ድማ ንኣብራም፥ እንሆ፡ እግዚኣብሄር ካብ ጾር ኣርሐቐኒ፡ ናብ ግዝ
247,ንጽብሒቱ ኣንጊሆም ተንሲኦም፡ ዚሐርር መስዋእቲ ሰውኡ፡ መስዋእቲ ምስጋናውን ኣቕረቡ። እቶም ህዝቢ ድማ ኪበልዑን ኪሰትዩን ኮፍ በሉ፡ ኪስሐቑ ኸኣ ተንስኡ።,ንጽብሒቱ ድማ ኣንጊሆም ተንስኡ፡ ዚሐርር መስዋእቲ ዀይኖም ከኣ ኣቕሪቦም 
248,ርብቃ ኸኣ ምስ ኣግራዳ ኣብ ኣግማል ተወጢሔን ነቲ ሰብኣይ ሰዓባኦ። እቲ ግዙእ ድማ ንርብቃ ወሰዳ እሞ ኸደ።,ርብቃ ምስ ኣንስትያታ ተንሲኣ ንሳተን ምስ ኣንስቲ ተበቘልኩ፡ ኣብ ገመል ገስገሱ፡ ነቲ 
249,ኣምላኽ ድማ ዓይና ኸፈተላ፡ ዔላ ማይ ከኣ ረኣየት። ከይዳ ኸኣ ሓርባ ማይ መሊኣ ነቲ ቘልዓ ኣስተየቶ።,ኣምላኽ ድማ ኣዒንታ ኸፈተላ፡ ዔላ ማይ ድማ ረኣየት። ንሳ ኸኣ ዓይንኻ ኸቢ
250,እዚ ኻብ ታሕቲ ጀሚሩ ድርብ ይኹን፡ ክሳዕ ላዕሊ ክሳዕ እቲ ቐዳማይ ቀለቤት ብምሉኡ ኸምኡ ይኹን። ክልቲኡ ኸምኡ ይኹን። ኣብ ክልቲኡ መኣዝን ይኹን።,ንሳቶም ኣብ ታሕቲ ኣልዋሕ ክልተ ይኹኑ፡ ከምኡ ኸኣ ክሳዕ ርእሱ ክሳዕ ሓደ ቐ
251,ከምዚ ሎሚ ኣነ ዝእዝዘካ ዘሎኹ ዅሉ፡ ንስኻን ደቅኻን ብዅሉ ልብኻን ብዅሉ ነፍስኻን ናብ እግዚኣብሄር ኣምላኽካ እንተ ተመለስካ፡ ቃሉ ድማ እንተ ሰማዕካ፡,እዚ ኣነ ሎሚ ዝእዝዘካ ዘሎኹ ዅሉ ነገር ንስኻን ደቅኻን፡ ንእግዚኣብሄር ኣምላኽ
252,ባስማት፡ ጓል እስማኤል ሓብቲ ነባዮትን ወሰደ።,ኣምባማ፡ ጓል እስማኤል፡ ሓብቲ ነባዮት፡ ንሳ ጓል ቤዓኦት ድማ።
253,ንናውቲ ኸብድን ነእጋርን ሐጺቡ ድማ፡ ኣብ ልዕሊ እቲ ዚሐርር መስዋእቲ ኣብ መሰውኢ ኣሕረሮ።,ንናውቲ ኸብዱን ንሳንቃ ኣንጽሃዮምን የንጽሃዮምን፡ ኣብ ልዕሊ እቲ ዚሓርር መስ
254,ደቂ ቢልሃ ግዝእቲ ራሄል ድማ፡ ዳንን ንፍታሌምን።,ደቂ ቢልሃ፡ ግዝእቲ ራሄል ዝነበረ ዳን፡ ዳንን ንፍታሌምን።
255,ኣነ ድማ ነገርኩኹም፡ ንስኻትኩም ግና ትእዛዝ እግዚኣብሄር ኣቢኹም፡ ብድፍረትኩም፡ ናብቲ ኸረን ደየብኩም እምበር፡ ኣይሰማዕኩምንን፡,በልኩኹም ድማ፡ ኣይሰማዕኩምን ከኣ። ግናኸ ንትእዛዝ እግዚኣብሄር ንዓጹ፡ ንትእ
256,ኰነ ድማ፡ ድሕሪ ሰለስተ ወርሒ ኣቢሉ ንይሁዳ፡ ታማር፡ ሰበይቲ ወድኻ ዘምያ፡ እንሆ ኸኣ ብዝሙት ጠኒሳ አላ፡ ኢሎም ነገርዎ። ይሁዳ ድማ፡ ኣውጽእዋ እሞ ትንደድ፡ በለ።,ኰነ ኸኣ፡ ድሕሪ ሰለስተ ወርሒ ንእግዚኣብሄር፡ ታማር፡ ሰበይትኻ ኣመንዝራ መሰል
257,ጽሒፍካ ክትህበኒ ምከአልካዶ,ንኣይ ከኣ ጽሓፎ ኻብዚዶ ትጽሐፎ ኣብ ጽሕፈይ ተጽሒፉለይ፧ ንኣይ ቀልጢፎ
258,ንሱ ኸኣ፡ እንታይ ታሕዙ እሞ ኽህበኪ፧ በለ። ቀለቤትካን ማዕተብካን እዛ ኣብ ኢድካ ዘላ በትርኻን፡ በለት። ሀባ እሞ አተዋ ኽኣ፡ ንሳውን ካብኡ ጠነሰት።,ሕጂ ድማ፡ እንታይ ትሕቲ እነግረካ፧ በለቶ። ንሳ ኸኣ፡ ሰጕዲ እዝን ኣጽድያኻን
259,እግዝኣብሄር ድማ ንሙሴ ኸምዚ ኢሉ ተዛረቦ፥,እግዚኣብሄር ድማ ንሙሴ ኸምዚ ኢሉ ተዛረቦ፡
260,ነቲ መጋረጃ ድማ ምስናይ ብብልሓት ፈላጥ እተገብሩ ኪሩቤል ገይሩ፡ ካብ ሰማያውን ሕብሪ ደምን ጽሩይ ቀይሕን እተፋሕሰ ልሕጺ እንጣጢዕን ገበሮ።,መጠምጠምያ ኸኣ ካብ ሰማያውን ሕብሪ ደምን ጽሩይ ቀይሕን እተፋሕሰ ልሕጺ እንጣጢ
261,ነቲ መሰላታት ከኣ ካብ ዕጨይቲ ሽጢም ገይሩ፡ ብወርቂ ለበጦ።,ነቲ መሰላታት ከኣ ካብ ዕጨይቲ ሽጢም ገበረ፡ ብወርቂ ኸኣ ለበጦ።
262,ንህይወቶም ድማ ብብርቱዕ ዕዮ፡ ብባዕጥን ብጡብን ብዅሉ ዕዮ መሮርን በቲ ዅሉ ዜዕይይዎም ዕዮ ብምጭካን ኣመረርዎም።,ንነፍሶም ድማ ብብርቱዕ ኣገልግሎቶም፡ ብኣስራዝን ብብሩርን ብመጽመቝ ዕዮን፡ ብዅሉ
263,ባላቅ ድማ ንበላዓም፡ ናብ ካልእ ቦታ ኽወስደካ፡ ምናልባሽ ኣምላኽ እንተ ሰመሮ፡ ኣብኣ ዄንካ ኽትረግመለይ፡ በጃኻ ንዓ፡ በሎ።,ባላቅ ድማ ንበላዓም፡ ሕጂ ኸኣ፡ ንኣታቶም ካብ ኣብኡ ምጽራብና ናብ ካልእ 
264,ከምቲ እግዚኣብሄር ንሙሴ ዝኣዘዞ ድማ፡ እቲ ኣእማን ንመዘከርታ ደቂ እስራኤል ኪኸውን፡ ኣብ መንኵብ ኤፎድ ገበሮ።,ንደቂ እስራኤል ንመዘከርታ ደቂ እስራኤል ከምቲ እግዚኣብሄር ንሙሴ ዝኣዘዞ፡ ንእኡ
265,እቲ ኻብኡ ዝተረፈ ድማ ኣሮንን ደቁን ይብልዕዎ፡ ከይበዂዔ ኣብ ቅዱስ ቦታ ይበላዕ። ኣብ ኣጸድ ድንኳን ምርኻብ ኰይኖም ይብልዕዎ።,ካብኡ ዝተረፈ ኸኣ ኣሮንን ደቁን ይብልዕዎ። ኣብ ቅዱስ ቦታ ኸኣ ብዘይ ብልዒ ይብል
266,ጸሓይ ዐሪባ ነበረት እሞ፡ ኣብ ሓንቲ ቦታ ምስ በጽሔ፡ ኣብኣ ሐደረ። ካብ ኣእማን እታ ቦታ ወሲዱ ድማ፡ ተተርኢስዋ፡ ኣብታ ቦታ ደቀሰ።,እግዚኣብሄር ከኣ ናብ ዝሓለፈ ቦታ መጸ፡ ጸሓይ ስለ ዐረፈ ድማ፡ ኣብኣ ለይቲ ተ
267,ኰነ ድማ፡ ጸሓይ ምስ ዐረበት፡ ግብ ዝበለ ጸልማት ከኣ ምስ ኰነ፡ እንሆ ድማ ዚተክኽ እቶንን ሃልሃልታ ሓውን ብመንጎ እቲ ቘረርጽ ሐለፈ።,ኰነ ኸኣ፡ ጸሓይ ክትዓርብ ከላ፡ ኰነ ድማ፡ እንሆ፡ ሓዊን መብራህትን ኣብ መንጎ እዚ
268,ሚሽሚሽ አበይ ክረክብ እክእል,ሓምሳ አበይ ክረክብ እክእል
269,ኪኸውን ድማ እዩ፡ ኣብ ሳብዐይቲ መዓልቲ ዂሉ ጸጒሩ ይላጺ፡ ርእሱን ጭሕሙን ቅርኒብ ዓይኑን ኲሉ ጸጒሩን ይላጺ። ክዳውንቱ ኸኣ ይሕጸብ፡ ስጋኡ ድማ ብማይ ይተሐጸብ፡ ይነጽህ ከኣ።,ኣብታ ሳብዐይቲ መዓልቲ ኸኣ ይኹን ናይ እታ ሳብዐይቲ መዓልቲ፡ ንሱ ኲ
270,ንኣሮን ድማ ናዳብን ኣቢሁን ኣልኣዛርን ኢታማርን ተወልዱሉ።,በሮን ድማ ናዳብን ኣቢሁን ኣልኣዛርን ኢታማርን ተወልዱ።
271,ካብ ነገድ ደቂ ኤፍሬም፡ ሹም ቄሙኤል ወዲ ሺፍጣን።,ካብ ነገድ ደቂ ኤፍሬም፡ ሹም ቆሙኤል ወዲ ሸሁዳ።
272,ኵሉ ኣራዊትን ኵሉ ለመምታን ኵለን ኣዕዋፍን ኣብ ምድሪ ዚዋሳወስ ዘበለ ዅሉን ድማ በብዓሌቶም ካብ መርከብ ወጹ።,ድሕሪ ኣቦታቶም ካብ መርከብ ወጺኦም ከኣ፡ ኲሉ እንስሳ ዀነ ኹሉ ለመምታ ዀነ፡ ኵ
273,ኰነ ኸኣ፡ ብጊዜ ሕርሳ እንሆ፡ ኣብ ማሕጸና ማንታ ነበረ።,ኰነ ኸኣ፡ በታ ዕረፍቲ ጻግኒኣ ኽትኰና፡ እንሆ፡ ኣብ ማሕጸና ትርእዮም፡ እን
274,ኣበርቲዕካ ኣይትግዝኣዮ፡ ንኣምላኽካ ደኣ ፍራህ።,ሕነ ግና ብሓይሊ ኣይግዝኣዮ፡ ንኣምላኽካ ደኣ ፍራህ።
275,ከምቲ እግዚኣብሄር ንሙሴ ዝኣዘዞ ድማ፡ ሙሴ ንደቂ ኣሮን ኣቕረቦም፡ ቀመውሽ ታሕቲ ኸዲኑ ኸኣ ቅናውቲ ኣቐነቶም፡ መጠምጠምያታትውን ገበረሎም።,ሙሴ ኸኣ ንደቂ ኣሮን ኣቕረበ፡ ብቐለቤት ኣቐነቶ፡ ቈርበት ድማ ኣእተዎም፡ ቐ
276,ኰነ ድማ፡ በቲ እተን ጽዓኛታት ኣባጊዕ ዚትለዋሉ ዘበለ ጊዜ ኣብ ጥቓ እቲ ኣባትር ምእንቲ ኺትለዋስ፡ ያእቆብ ነቲ ኣባትር ኣብቲ ጋብላታት ኣብ ቅድሚ እተን መጓሰ የንብሮ ነበረ።,ነገር ድማ ዀነ፡ እቲ ሓያል መጓሰ ኣባጊዕ ምስ ጠነሰ፡ ያእቆብ ካብተን መጓሴታት ዝአ
277,ኣድጊ ሓውካ ወይ ብዕራይ ኣብ መገዲ ወዲቑ እንተ ርኤኻ፡ ምስኡ ዄንካ ንምትንሳኡ ሐግዞ እምበር፡ ካብኦም ኣይትተሐባእ።,ኣብ መገዲ ብዕራይ ሓውካ ወይ ብዕራዩ ኽሳዕ ጠፊኡ እንተ ርኤኻ፡ ናብኦም ክትሐ
278,ኣብ ልዕሊ እቲ መሰውኢ ወርቂውን ሰማያዊ ዓለባ ይዘርግሑ፡ መኽደኒ ድማ ብቘርበት ታሃስ ይኽደንዎ፡ መሰላታቱ ኸኣ የእትዉሉ።,ኣብ ልዕሊ መሰውኢ ወርቂ ኸኣ ሰማያዊ ሕብሪ ኼዘርግሑላ፡ ሰማያዊ ቈርበት ድማ ገ
279,በታ ቐዳመይቲ መዓልቲ ቅዱስ ኣኼባ፡ በታ ሳብዐይቲ መዓልቲ ድማ ቅዱስ ኣኼባ ይኹነልኩም። ብኣታተን ገለ ዕዮ ኣይገበር። እቲ ንነፍሲ ወከፍ ዚበልዖ፡ ንሱ ጥራይ ይተዐየየልኩም።,ብቐዳመይቲ መዓልቲ ቅዱስ ኣኼባ ይኹነልኩም፡ ብሳብዐይቲ መዓልቲ ኸኣ ቅዱስ
280,ብኣመል እቶም ኣነ ኻብ ቅድሜኹም ዝሰጎም ህዝቢ ኣይትኺዱ፡ እዚ ዂሉ ገይሮም እዮም እሞ፡ ፈንፈንክዎም።,ነዚ ኣነ ኻብ ቅድሜኹም ዝሰጎም ህዝቢ እዚ ኣነ ኻብ ቅድሜኹም ዝሰጎም ሕጋ
281,ካብታ ዚውዝወዝ እንዳእቲ ዘምጻእኩምላ መዓልቲ፡ ካብ ጽባሕ እታ ሰንበት ቈጺርኩም ሾብዓተ ምሉኣት ሰናብቲ ይኹና።,ሕጂ ኸኣ፡ ካብታ ነቲ ድዋ ዚልዐል መስዋእቲ እተዋህበላ መዓልቲ፡ ካብታ ን
282,ኰነ ኸኣ፡ ናብ ግብጺ ኺኣቱ ምስ ቀረበ፡ ንሰበይቱ ሳራይ፡ እንሆ፡ መልክዔኛ ሰበይቲ ምዃንኪ ፈሊጠ አሎኹ እሞ፡,ኣምላኽ ድማ ኰነ፡ ንሱ ንምድሪ ግብጺ ምስ ቀረበ፡ ንሰበይቱ ሳራይ፡ ሰበይቱ 
283,ኰነ ኸኣ፡ ራሄል ንዮሴፍ ምስ ወለደት፡ ያእቆብ ንላባን፥ ናብ ቦታይን ናብ ምድረይን ክኸይድ ኣሳናብተኒ።,ኰነ ድማ፡ ራሄል ንዮሴፍ ምስ ወለደትሉ፡ ያእቆብ ንያእቆብ ኣብ ላባን ከኣ፡
284,ሽዑ እግዚኣብሄር ካብ ሰማይ ኣብ ልዕሊ ሶዶምን ኣብ ልዕሊ ጎሞራን ካብ እግዚኣብሄር ዲንን ሓውን ኣዝነመ።,እግዚኣብሄር ድማ ንሶዶምን ንጎሞራን፡ ካብ እግዚኣብሄር ካብ ሰማይ ሓዊን ሓዊን
285,እቲ ማሕደር፡ እቲ ድንኳኑን መደረብታኡን ኣቝላፉን ኣልዋሑን ጋድማቱን ኣዕኑዱን ኣእጋሩ ድማ፡,እቲ ድንኳን ዚኸድኖ ኽዳን፡ ንመደረብታኡን ናይ ውሽጢ መደረብታኡን ኣልዋሑን
286,ድሕርቲ እቲ ህዝቢ ኻብ ሓጸሮት ተጓዕዘ፡ ኣብ በረኻ ጳራን ድማ ሰፈረ።,እቲ ህዝቢ ድማ ካብ ሓጼሮት ነቒሎም፡ ኣብ በረካ ጳራን ሰፈሩ።
287,ሙሴ ድማ ከምቲ ቓል እግዚኣብሄር፡ ከምቲ ንሱ ዝኣዘዞ ገይሩ ቘጸሮም።,ሙሴ ድማ ከምቲ እግዚኣብሄር ዝኣዘዞ፡ ከምቲ እተኣዘዞ፡ ከምቲ ጽሑፍ እግዚኣብሄር ቊ
288,ኣእዳው ሙሴ ኸኣ ረብረባ እሞ እምኒ ወሲዶም ኣብ ትሕቲኡ ኣንበሩ፡ ንሱውን ኣብ ልዕሊኡ ተቐመጠ። ኣሮንን ሁርን ከኣ ሓደ በዚ ሓደ በቲ ዀይኖም፡ ኣእዳው ይድግፉ ነበሩ።ኣእዳው ኸኣ ጸሓይ ክሳዕ እትዓርብ ጸንዓ።,ግናኸ ኢድ ሙሴ ግና ሓያል ነበራ፡ እምበኣር ከኣ እምኒ ወሲዶም፡ ኣብ ትሕቲኡ ኸ
289,እቲ ንቤቱ ዝቐደሳ ኺብጀዋ እንተ ደለየ፡ ነቲ ዝገምገምካዮ ብሩርስ ሓምሳይ ኢድ ይወስኸሉ እሞ ናቱ ትኹን።,እቲ ዚቐድሶ ድማ ምሽያቱ እንተ ደለየ፡ እቲ ዜገልግሎትዋ ነታ ቤቱ እንተ ደለየ፡ ኣብ
290,ኣብኣ ኸይበጻሕካ፡ ገለ ነገር ክገብር ኣይክእልን እየ እሞ፡ ቀልጢፍካ ናብኣ ድሓን፡ በሎ። ስለዚ ስም እታ ኸተማ ዞኣር ተባህለት።,ናብኣ ኽሳዕ እትኣቱ ገለ እኳ ኣይክእልን እየ እሞ፡ ናብኣ ደው በል፡ ኣብኡ ዄንኩም
291,ነፍሲ ሰብ ድማ ዓሰርተው ሹድሽተ ሽሕ፡ ካብኡ ግብሪ ንእግዚኣብሄር ሰላሳን ክልተን ነፍሲ።,እቶም ህዝብታት ሹድሽተ ሽሕ፡ ካብቶም ግብሪ ግብሪ ንእግዚኣብሄር ሰላሳን ክልተን
292,ከይዶም ከኣ ኣብ በረኻ ጳራን ኣብ ቃዴስ ናብ ሙሴን ናብ ኣሮንን ናብ ብዘሎ ኣኼባ ደቂ እስራኤልን መጹ። ንኣታቶምን ንብዘሎ ኣኼባን እቲ ነገር ኣዛረብዎም፡ ፍረ እታ ምድሪውን ኣርኣይዎም።,ድማ ከይዶም ከዱ፡ ናብ ሙሴን ናብ ኣሮንን ናብ ኲሉ ኣኼባ ደቂ እስራኤልን ናብ
293,ኰነ ከኣ፡ ንምሸቱ ብርኒጎታት ተላዒለን ነቲ ሰፈር ከደናኦ። ብጊሓት ድማ ኣብ ዙርያ እቲ ሰፈር ዛዕዝዓ ወዲቑ ነበረ።,ኰነ ኸኣ፡ ምሸት ኪልተ ኸይድ፡ ቍርዖብ ተንሲኡ ነታ ሰፈር ኣጐልበቦ። ምሸ
294,ሰበይቲ ኻብ ህዝቡ ድንግል የእቱ እምበር፡ መበለት ወይ ፍትሕቲ ወይ ዝረኸሰት ወይ አመንዝራ ኣየእቱ።,ሰበይቲ ወይ መበለት ወይ ድኻ ወይ ዝሞተ ወይ ዜብላ፡ ወይ ሰበይቲ መበለት ወይ ድማ
295,ኣብኡ ኣሮን ጥዑም ዝጨናኡ ዕጣን ይዕጠን። ንግሆ ንግሆ ቐነድል ኬዳሉ ኸሎ ዕጣን ይዕጠን።,ኣሮን ድማ ምሸት ዕጣን ብኣኡ የሕርሮ። ጸሓይ ምስ ዚዐጥን ከኣ ይሕርሮ። ኪነድ
296,ኢድካ ኣጸቢቕካ ኽፈትሉ፡ እቲ ዜድልዮ ኸኣ ኣእኪልካ ኣለቅሓዮ።,ግናኸ ኢድካ ኣቕንዓሉ፡ እቲ ዚደለየሉ ዅሉ ኸኣ ንምድሮኣ ምሉእ ኣምጽኣሉ
297,እቲ ኻህን ድማ ነቲ ኸፈር ካብ ኢድካ ወሲዱ ኣብ ቅድሚ መሰውኢ እግዚኣብሄር ኣምላኽካ የንብሮ።,እቲ ኻህን ድማ ነቲ መሶብ ካብ ኢድካ ወሲዱ ኣብ ቅድሚ መሰውኢ እግዚኣብሄር ኣምላ
298,ንሱ ድማ፡ ንላባን ወዲ ናሆርዶ ትፈልጥዎ ኢኹም፧ በሎም። እወ ንፈልጦ፡ በሉ።,ንሱ ድማ፡ ላባን ወዲ ነሆርዶ ትፈልጡ ኢኹም፧ በለ። ንሳቶም ከኣ፡ ንላባን እቲ
299,ሽዑ ኸኣ፡ ናብዚ ኣይትቕረብ። እዛ ደው ኢልካላ ዘሎኻ ቦታ ቅድስቲ ምድሪ እያ እሞ፡ ኣሳእንካ ኻብ ኣእጋርካ ኣውጽእ፡ በለ።,ንሱ ድማ፡ ናብዚ ኽትተርፉ ኢኹም ዘሎኹም ቦታ ቅዱስ ቦታ እዩ እሞ፡ ኣይት
300,ኣምላኽ ነቲ ብርሃን መዓልቲ ኣውጽኣሉ። ነቲ ጸልማት ከኣ ለይቲ ኣውጽኣሉ። ምሸት ኰነ ብጊሓትውን ኰነ፡ ሓንቲ መዓልቲ።,ኣምላኽ ድማ ነቲ ብርሃን ንመዓልቲ ኣውጽኣሉ፡ ነቲ ጸልማት ከኣ ንመዓልቲ ብጊ
301,ሙሴ ግና በሎም፡ ሕጂ ንስኻትኩም ስለምንታይ ትእዛዝ እግዚኣብሄር እትጥሕሱ፧ ኣይቐንዓኩምን እዩ።,ሙሴ ኸኣ፡ ኪቐንዓልኩም ኣይኰነን እሞ፡ ስለምንታይ ንእግዚኣብሄር ትእዛዛት እግዚ
302,ኣብ ልዕሊ ምድሪ ናይ ዘሎ ምስሊ ዂሉ እንስሳ፡ ምስሊ መንፈሪ ዘለዋ ኣብ ሰማይ እትነፍር ዑፍውን፡,ኣብ ምድሪ ዚብል እንስሳ፡ ንማለት ካብ ዘበለ ኣብ ምድሪ ዚብል ዓይነት እንስሳ፡ ንማለት
303,ሓደ ሰብ እኳ ቀረባ ዘመዱ ናብ ዘበለት ሕፍረታ ኪቐልዕ ኢሉ ኣይቕረባ። ኣነ እግዚኣብሄር እየ።,ካባኻትኩም ድማ ብዛዕባ ናይ ቅርቡ ዝዀነ ሰብ፡ ቅንዕናኦም ንምቕላዕ፡ ና
304,ነቶም ዚጸልእዎ ግና፡ ኣብ ቅድሚ ገጾም ንጥፍኣቶም ይፈድዮም። ንዚጸልኦ ኣይድንጕን፡ ኣብ ቅድሚ ገጹ ደኣ ይፈድዮ።,ንዚጸልኡ ድማ፡ ኬጥፍኦም ከኣ በገጾም የጽልሎም። ንዚጸልኦ ድማ ብገጾም
305,እቶም መኳንንቲ ድማ ንህዝቢ ኸምዚ ኢሎም ኣይዛረቡ። ሓድሽ ቤት ዝሰርሔ ሰብ እሞ ዘየመረቖ መን ኣሎ፧ ኣብቲ ውግእ ከይመውት እሞ ካልእ ሰብ ከየመርቖስ፡ ይኺድ ናብ ቤቱ ይመለስ።,ነቶም መዕየይቲ ድማ፡ ሕጂ ኸኣ ዘይተቐደሰ መን ኣሎ፧ ሕጂ ኸኣ ዘይተቐደሰ መን ኣሎ፧ 
306,ነቶም ሌዋውያን ካህናት፡ ንብዘሎ ነገድ ሌዊ፡ ምስ እስራኤል ግደን ርስትን ኣይሀልዎም፡ እቲ ናይ እግዚኣብሄር መስዋእቲ ሓውን ርስቱን ይብልዑ።,ካህናት ሌዋውያን እቶም ሌዋውያን ድማ፡ ኲሎም ነገድ ሌዊ፡ ምሳሕ እስራኤል ግና ር
307,ንሴት ድማ ወዲ ተወልደሉ። ስሙ ኸኣ ሄኖስ ኣውጽኣሉ። ሽዑ ሰብ ብስም እግዚኣብሄር ኪምህለሉ ጀመሩ።,ንሴት ድማ ወዲ ወለደት፡ ስሙ ድማ ኤኖስ ኣውጽኣሉ። ንሱ ኸኣ ኤኖስ ኣውጽኣ
308,ንደቂ እስራኤል ተዛረቦም በሎም ድማ፡ ንውሉድ ወለዶኹም ኣብ ወሰን ክዳውንቶም ኣዝፋር ኪገብሩ፡ ኣብ ዘዘፈር ወሰን ከኣ ሰማያዊ ፍሕሶ ኺገብሩ ንገሮም።,ንደቂ እስራኤል ተዛረቦም በሎም ከኣ፡ ኣብ ወለዶኦም ኣብ ጋድማ ኣፍ ልቢ ዚመስል 
309,ከምዚ ናይ ሎሚ ነቲ ነቦታትካ ዝመሓለሎም ኪዳን ኬቕውም፡ ሃብቲ ኽትድልብ ሓይሊ ዚህበካስ፡ ንሱ እዩ እሞ፡ ንእግዚኣብሄር ኣምላኽካ ዘክር።,እቲ ንኣኻትኩም እቲ ኽብረት ዝህበኩም፡ ከምዚ ሎሚ ዀይንዎ፡ ኪዳኑ ኺፍልጠል እዩ
310,እግዚኣብሄር ድማ ንሙሴ ከምዝ ኢሉ ተዛረቦ፡,እግዚኣብሄር ድማ ንሙሴ ኸምዚ ኢሉ ተዛረቦ፡
311,ካብኡ ሓረጣ ወይ ረብሓ ኣይትውሰድ። ንኣምላኽካ ደኣ ፍራህ፡ ሓውካ ኸኣ ምሳኻ ይንበር።,ሓውካ ምሳኻ ምእንቲ ኺነብር፡ ኣምላኽካ ምእንቲ ኽትፈርህሲ፡ ሓንትስ ሓንትስ 
312,እግዚኣብሄር ድማ ካብኡ ናብ ልዕሊ ገጽ ኵላ ምድሪ ፋሕ ኣበሎም፡ ምስራሕ እታ ኸተማ ኸኣ ገደፉ።,እግዚኣብሄር ድማ፡ ንኣታቶም ካብኡ ናብ ወገን ኲላ ምድሪ ፋሕ ኣቢሉ ናብ 
313,ሽዑ ንወድኻ በሎ፡ ኣብ ግብጺ ባሮት ፈርኦን ነበርና፡ እግዚኣብሄር ከኣ ብሓያል ኢድ ካብ ግብጺ ኣውጽኣና።,ሽዑ ንወደካ በሎ፡ ኣብ ግብጺ ባሮት ፈርኦን ነበርና፡ እግዚኣብሄር ድማ ብሓያል ኢድ
314,ኣብ መበል ኣርብዓ ዓመት፡ ኣብታ መበል ዓሰርተው ሓደ ወርሒ፡ ካብታ ወርሒውን በታ ቐዳመይቲ መዓልቲ፡ ሙሴ ኸምቲ እግዚኣብሄር ንደቂ እስራኤል ኪነግሮም ዝአዘዞ ዂሉ ተዛረበ።,ኰነ ድማ ኣብ መበል ኣርብዓ ዓመት፡ ኣብ ሳምነይቲ ወርሒ፡ ካብታ ወርሒ ኸኣ ኣብ መ
315,ኣርፋክሳድውን ንሸላሕ ምስ ወለደ፡ ድሕሪኡ ኣርባዕተ ሚእትን ሰለስተን ዓመት ገበረ፡ ኣወዳትን ኣዋልድን ድማ ወለደ።,ከምራኽ ከኣ ንሻላሕ ምስ ወለደ ድማ፡ ድሕሪኡ ኣርባዕተ ሚእትን ሰለስተን ዓመት ገ
316,መሰውኢ መሬት ስርሓለይ፡ ኣብ ልዕሊኡ ድማ ዚሐርር መስዋእትታትካን መስዋእቲ ምስጋናኻን፡ ኣባጊዕካን ኣብዑርካን ሰውእ። ስመይ ኣብ ዘዘከርኩሉ ዅላ ቦታ ናባኻ መጺኤ ኽባርኸካ እየ።,ኣነ ስመይ ኣብ ምድሪ ለመም ንመሰውኢ ግበር እሞ፡ ዚሐርር መስዋእትኻን መስዋእቲ ምስጋ
317,ኤሳው ከኣ፡ ሓወየ፡ ዝኣኽለኒ አሎኒ፡ ናትካስ ንኣኻ ደኣ ይኹን፡ በለ።,ሽዑ ኤሳው፡ ኣሕዋተይ፡ እቲ ዘሎካ ዅሉ ንኣኻ ይኹን፡ በለ። እቲ ዘሎካ ኸኣ 
318,ኣርባዕተ ቐለበት ወርቂ ኣፍሲሱ ኣብ ኣርባዕቲኡ እግሩ፡ ክልተ ቐለበት ብሓደ ሸነኽ፡ ክልተ ቐለበት ከኣ ብኻልኣይ ሸነኹ ገበሮ።,ኣብ ኣርባዕቲኡ እግሩ ድማ ብሲቃል ኣርባዕተ ቐለቤት ወርቂ፡ ክልተ ቐለቤት ብሓደ
319,ከምኡ ኸኣ ነቲ ኻልኣይን ነቲ ሳልሳይን፡ ነቶም መጓሴታት ዚኽብክቡ ዅሎምን ከምዚ ኢሉ ኣዘዞም፡ ንኤሳው ምስ ረኸብኩምዎ፡ ከምዚ ዘረባዚ ተዛርብዎ፡,ብእኣ ኸኣ ነቲ ኻልኣይን ሳልሳይን ንዅሎም ትሕዛኤን ዚሰጐጕዎ ዅሎም ኣሓን ከም
320,እግዚኣብሄር ድማ፤ እዛ ኣብ ኢድካ ዘላ እንታይ እያ፧ በሎ። ንሱ ኸኣ፤ በትሪ፡ በለ።,ንሱ ድማ፥ እቲ ኣብ ኢድካ ዘሎ እንታይ እዩ፧ በሎ። ንሱ ኸኣ፥ በትሪ፡ በሎ።
321,ኣሓኻን ኣባጊዕካን ምስ ሰሰና፡ ብሩርን ወርቅን ከኣ ምስ በዝሓልካ፡ ዘሎካ ዅሉ ድማ ምስ በዝሔ፡,ኣብራስኻን ኣሓኻን ከብትኻን ምስ በዝሑ እሞ ብሩርን ወርቅን ምስ በዝሑ፡ ብዘለዉ ዅሉ 
322,ሓለዋ ጾሮም ብዅሉ ኣገልግሎቶም ኣብ ድንኳን ምርኻብ እዚ እዩ፡ ኣልዋሕ ማሕደርን ጋድማቱን ኣዕኑዱን ኣእጋሩን፡,ኲሉ ኣገልግሎቶም ኣብ ድንኳን ምርኻብ ኣብ ኵሉ ኣገልግሎቶም፡ ኣልዋሕ እቲ ኣልዋሕን
323,ጽግያትኣለኪ ዶ ,ጽግያትኣለኪ ዶ
324,ኣብቲ በሰላ ኸኣ ጻዕዳ ሕበጥ ወይ ብሩህ ቅይሕ ዝበለ ጻዕዳ ብሮት እንተሎ፡ ሽዑ ኣብ ካህን ይርኤ።,ኣብቲ ቦታ እቲ ብጫ እንተ ደኣ ዀነ ወይ ብመልክዕ ጸጕሪ መዓልቲ ብርቱዕ ጸለምቲ ወይ ትር
325,ኣብ ክንዲ ዅሉ በዅሪ ኣብ ደቂ እስራኤል ከኣ ንሌዋውያን ወሰድኩ።,ሌዋውያን ግና ኣብ ክንዲ ዅሎም በዅሪ ኣብ ደቂ እስራኤል ኣብ ክንዲ በዅሪ ገይረ ንሌዋ
326,ንዝዀነ ሰብ ዝቐተለ ሰብ፡ ሞት ይሙት።,ኣዝዩ ንሰብ ዝቐተለ ቕቱል ይሙት።
327,ደቂ ማኪር ወዲ ምናሴ ድማ ናብ ጊልኣድ ከይዶም ሐዝዋ፡ ነቶም ኣብኣ ዝነበሩ ኣሞራውያን ከኣ ሰጐጕዎም።,ደቂ ማኪር ወዲ ምናሴ ናብ ጊልኣድ ከይዶም ናብ ጊልኣድ መጺኦም ድማ ሐዙ፡
328,ካብ ነገድ ዛብሎን ጋዲኤል ወዲ ሶዲ፡,ካብ ነገድ ዛብሎን ጋድኤል ወዲ ሶዶ።
329,ተመሊስኩም ተጕዐዙ፡ ናብ ከረን ኣሞራውያንን ኣብ ጥቓኡ ናብ ዘሎ ዂሉን ናብ ጐልጐልን ናብ ኣኽራንን ናብ ቈላን ናብ ደቡብን ናብ ወሰን ባሕርን ናብ ምድሪ ከነኣናውያንን ናብ ሊባኖስን፡ ክሳዕ እቲ ዓብዪ ርባ፡ ርባ ኤፍራጥስ፡ እተዉ።,ንስኻ ድማ መገዲ ተጕዐዝካ ናብ ከረን ኣሞራውያንን ናብ ኲለን እተን ኣብ ኣብ ምድሪ 
330,ድማ ሰማያውን ሕብሪ ደምን ጽሩይ ቀይሕን እተፋሕሰ ልሕጺ እንጣጢዕን ጌርካ፡ መጋረጃ ግበር፡ ምስ ብብልሓት ኣተገብረ ኪሩቤል ይገበር።,ካብ ሰማያውን ሕብሪ ደምን ጽሩይ ቀይሕን እተፋሕሰ ልሕጺ እንጣጢዕን ምስ ጽሩይ ቀይ
331,ኪድ ንዓበይቲ እስራኤል ኣኪብካ በሎም፡ እግዚኣብሄር ኣምላኽ ኣቦታትኩም፡ ኣምላኽ ኣብርሃም፡ ኣምላኽ ይስሃቅ፡ ኣምላኽ ያእቆብ ከኣ ተገልጸለይ፡ ከምዚ ኢሉ፡ ብርግጽ በጺሔኩም፡ እቲ ኣብ ግብጺ ዝገበሩኹም ድማ ርኤኹ።,ናብኡ ድማ ጽንሑ፡ ንዅሎም ዓበይቲ እስራኤል ኣኪብካ ናብዚ ኣምላኽ ኣቦታትኩም
332,ደቂ ቃሃት ድማ በብዓሌቶም፡ ኣምራምን ይጽሃርን ሔብሮንን ዑዚኤልን እዮም።,ደቂ ቀሃት በብዓሌቶም፡ ዓምራምን ይጽሃርን ሔብሮንን ዑዚኤልን።
333,ጋለይ ኣበይ እዩ,እዛ ጓለይ ኣበይ እዩ አሎ፧ ኣበይ እዩ ጓለይ ኣበይ እዩ
334,ኣብ ሰዒር ንዚነብሩ ደቂ ኤሳው ከም ዝገበረሎም፡ ንሖራውያን ካብ ቅድሚኦም ምስ ኣጥፍኤ ንኣታቶም ሰጒጎም ክሳዕ ሎሚ ኣብ ስፍራኦም ተቐመጡ።,ንሖራውያን ካብ ቅድሚኦም ምስ ኣጥፍኦም፡ ከምቲ ንሱ ነቶም ኣብ ሰዒር ዚነብሩ ቈል
335,እግዚኣብሄር ብሹድሽተ መዓልቲ ሰማይን ምድርን ባሕርን ኣባታቶም ዘሎ ዅሉን ገይሩ እዩ እሞ፡ ብሳብዐይቲ መዓልቲ ከኣ ዐረፈ። ስለዚ እግዚኣብሄር ንመዓልቲ ሰንበት ባረኻን ቀደሳን።,ኣብ ሹድሽተ መዓልቲ እግዚኣብሄር ሰማይን ምድርን ንዝሓለሉ ዂሉን፡ ምሸት ከኣ 
336,እቶም ህዝቢ ድማ፡ እንሰትዮ ማይ ሀቡና፡ ኢሎም ምስ ሙሴ ተቛየቑ`። ሙሴ ኸኣ፡ ስለምንታይ ምሳይ ትቛየቑ፧ በሎም። ስለምንታይከ ንእግዚኣብሄር ትፍትኑ፧ በሎም።,ሽዑ እቶም ህዝቢ ንሙሴ ተዛረቡ፡ ማይ ንሰቲ፡ በሉን። ሙሴ ድማ፡ ከመይ ኣብዚ
337,እታ ኽትነብሩላ ኢለ ኣነ ናብኣ ዘእትወኩም ምድሪ ኸይትተፍኣኩምሲ፡ ኲሉ ሕጋጋተይን ኲሉ ፍርድታተይን ሐልዉን ግበሩን።,እታ ኽትነብርዋ ኽምእዛዘኩም ዘሎኹም ምድሪ ኸይጥፋእኩምሲ፡ ኵሉ ሕጋጋተይን 
338,ምግፋሕ እቲ ኣጸድ ብቕድሚት ብሸነኽ ምብራቕ ድማ ሓምሳ እመት ይኹን፡,ብሸነኽ ምዕራብ ምብራቓ ዘሎ ኣጸድ ብሸነኽ ምብራቑ ሓምሳ እመት ይኹን። ምንዋሕ እ
339,ንእሽቶ ጕንጓን ዓባይ ጕንጓን ቀራን ጕንጓ ድማ፡,ኣንበሳ ዓባይ ጕጕትን ዓበይቲ ጕጕትን ዓብዪ ጕጕትን ዕጕቲ ጕጕትን፡ ዕውር ዕው
340,እንሆ፡ ኣይዘራእናን ፍረ ድማ ኣየእቶናን፡ በታ ሳብዐይቲ ዓመት ደኣ እንታይ ክንበልዕ ኢና፡ እንተ በልኩም፡,በታ ሳብዐይቲ ዓመት እንበልዖ ኸም ዝበልዕ ኢኻ፡ እታ ሳብዐይቲ ዓመት እንበልዕ ኢና እንተ
341,ነታ ህያው ዑፍን ነቲ ዕጨይቲ ቄድሮስን ነቲ ጽሩይ ቀይሕ ፈትልን ነቲ ስምዕዛን ይውሰድ እሞ ምስናይ እታ ህያው ዑፍ ኣብ ደም እታ ኣብ ልዕሊ እቲ ፈልፋሊ ማይ እተሐርደት ዑፍ ይጥለቆ።,ንዋና ህያው ዑፍ ድማ ንእኡን ዕጨይቲ ቄድሮስን ጽሩይ ቀይሕ ፈትልን 
342,ብሲቃል መቕደስ ሚእትን ሰላሳን ሲቃል ዝሚዛኑ ሓደ ጻሕሊ ብሩር፡ ሰብዓ ሲቃል ዝሚዛኑ ሓደ ጭሔሎ ብሩር፡ ክልቲኡ ንመስዋእቲ ብልዒ ብዘይቲ እተቘምጥዔ ድኹም ሓርጭ ዝመልኤ፡,ቊርባኑ ብሲቃል መቕደስ ሚእትን ሰላሳን ሲቃል ዝሚዛኑ ሓደ ጻሕሊ ብሩር፡ ሚእትን ሰላ
343,ከምቲ ዝመሀሩኻ ሕግን ከምቲ ዝነገሩኻ ፍርድን ግበር። ካብቲ ዝገለጹልካ ነገር ንየማን ወይ ንጸጋም ኣይትዝበል።,ክትገብርዎ ድማ ከምቲ እቲ ኼምህሩኻ ሕጊ ምእንቲ ኽትገብርዎ፡ ከምቲ እቲ ኺብሉኻ፡
344,መሸጐሪኻ ሓጺንን ኣስራዝን፡ ሓይልኻ ድማ ከም መዓልትታትካ ይኹን።,ጋድማኻ ሓጺን፡ ኣስራዝውን ይኹን፡ ከም መዓልትታትካውን ሓይልካ ይኹን።
345,ንዂሉ ናይ ብልዒ መስዋእትኻ ብጨው ኣቃምሞ፡ ኣብቲ ናይ ብልዒ መስዋእትኻ ጨው ኪዳን ኣምላኽካ ኣይተትርፈሉ፡ ኣብ ኲሉ መስዋእትኻ ጨው ኣቕርብ።,ኣፍ ኲሉ መስዋእቲ ብልዒኻ ብቚርባዕ ቚጸሮ። ካብ መስዋእቲ ብልዒካ ንዘይከአሉ 
346,እቲ ኣብ ርባ ዝነበረ ዓሳ ድማ ሞተ። እቲ ርባውን ጸይኤ። ግብጻውያን ከኣ ካብቲ ርባ ማይ ኪሰትዩ ኣይከኣሉን፡ ኣብ ኵላ ምድሪ ግብጺ ኸኣ ደም ኰነ።,እቶም ኣብ ርባ ዝነበሩ ዕትሮ ድማ ሞቱ፡ እቲ ርባ ከኣ ኽፉእ ኰነ፡ እቲ ርባ ኸ
347,ኣዕኑዱ ዕስራ፡ ኣእጋሩውን ዕስራ ኻብ ኣስራዚ ነበረ፡ ናብቲ ኣዕኑድ መሰቓቐልን ኣዛንግን ከኣ ካብ ብሩር ነበረ።,እቲ ኣዕኑድ ዕስራ፡ ኣእጋሩውን ካብ ኣስራዚ ዕስራ፡ ካብ ኣስራዚ ድማ ዕስራ ካብ
348,እግዚኣብሄር ናብ ማእከል ህዝብታት ኪብትነኩም እዩ፡ ኣብቶም እግዚኣብሄር ናብኦም ዚወስደኩም ኣህዛብ ሒደት ቊጽሪ ኽትተርፉ ኢኹም።,እግዚኣብሄር ድማ ኣብ መንጎ ህዝብታት ፋሕ ኬብዝሓካ እዩ፡ ኣብቶም እግዚኣብሄር 
349,ንኣምላኹ ቐኒኡ፡ ንደቂ እስራኢል ከኣ ኣተዐሪቑ እዩ እሞ፡ ስለዚ ንእኡ፡ ብድሕሪኡ ድማ ንዘርኡ ኺዳን ክህነት ዘለኣለም ይኹን።,ንኣምላኹ ስለ ዝቐነሰ፡ ንደቂ እስራኤል ድማ ኣተዐረቐ፡ ስለዚ ንእኡን ንዘርኡን
350,እቲ ማያት ከኣ ተመልሰ፡ ነቶም ድድሕሪኦም ናብ ባሕሪ ዝኣተዉ፡ ንሰረገላታትን ንፈረሰኛታትን ንዅሉ ሰራዊት ፈርኦንን ድማ ደፈኖም። ካባታቶም ሓደ እኳ ኣይተረፈን።,ማይ ድማ ተመሊሱ ነገዳትን ሰረገላታትን ፈረሰኛታትን፡ ኲሎም ሰራዊት ፈርኦን ናብ ባሕሪ 
351,ኣብቲ ቐዳማይ እተጋጠመ ኣብ ጥርዚ እቲ ወሰናይ ዓለባ ኻብ ሰማያዊ ፈትሊ መኸንትቦታት ገበረ። ኣብቲ ኻልኣይ እተጋጠመ ድማ ኣብ ጥርዚ እቲ ወሰናይ ዓለባ ኸምኡ ገበረ።,ኣብቲ እተጋጠመ ኣብ ጥርዚ እቲ ብሓደ እተጋጠመ ኣብ ጥርዚ እቲ ብሓደ ዓለባ ድማ ኣብ ወ
352,ካብ ኤሊም ነቒሎም ከኣ፡ ኣብ ጥቓ ባሕሪ ኤርትራ ሰፈሩ፡,ካብ ኤሊም ነቒሎም ድማ፡ ኣብ ኤሊም ነቒሎም፡ ኣብ ባሕሪ ኤርትራ ሰፈሩ።
353,ጓል ካህን ብምንዝርና እንተ ረኸሰት። ንሳ ነቦኣ ኣርከሰት። ብሓዊ ትንደድ።,እታ ጓል ኻህን፡ ብእኡ ፍትሕቲ ብምግባራ ንኣነዊት እንተ ጠለማ፡ ነቦኣ እንተ ኣርከሳ፡ ኣ
354,ታራ ድማ ሰብዓ ዓመት ገበረ፡ ንኣብራምን ንናሆርን ንሃራን ወለደ።,ታራ ድማ ሰብዓ ዓመት ገበረ፡ ድማ ንኣብራምን ንሆርን ንሃራንን ወለደ።
355,ኰነ ኸኣ፡ ኣብ መወዳእታ እተን ኣርባዕተ ሚእትን ሰላሳን ዓመት፡ በታ መዓልቲ እቲኣ ዀነ፡ ኵሎም ሰራዊት እግዚኣብሄር ካብ ምድሪ ግብጺ ወጹ።,ኰነ ኸኣ፡ ኣብ መወዳእታ ኣርባዕተ ሚእትን ሰላሳን ዓመት ኰነ፡ ኣብታ ጽባሕ መዓ
356,ስማት ደቂ ኤሳው እዚ እዩ፡ ኤሊፋዝ፡ ወዲ ዓዳ ሰበይቲ ኤሳው፡ራጉኤል፡ ወዲ ባስማት ሰበይቲ ኤሳው።,እዚ ስም ደቂ ኤሳው፡ ኤሊፋዝ ወዲ ዓዳ፡ ሰበይቲ ኤሳው፡ ራጉኤል ወዲ ባስማት ሰበ
357,ነፍሱ ድማ ምስ ዲና ጓል ያእቆብ ተጣበቐት፡ ነታ ጓል ፈተዋ፡ ነታ ጓልውን ብፍቕሪ ተዛረባ።,ንሱ ኸኣ ነፍሱ ምስ ዲና ጓል ያእቆብ ምስ በዓል ዲና ተላዕለ እሞ ፈተዋ እታ ጓ
358,እቲ ኣምላኽ ጥንቲ መንበሪኻ እዩ፣ እተን ዘለኣለማውያን ቀላጽሙ ድማ ኣብ ታሕቲ ኣለዋ፣ ንጸላኢ ኻብ ቅድሜካ ሰጐጎ፣ ኣጥፍእ፣ ድማ በለ።,ናይ ዘለኣለም ኣምላኽ ድማ ትሕቲ ቤትካ እያ። ኣብ ትሕቲ እቲ ዘለኣለም ኣእማን ከኣ
359,ኵሉ ዕድመ ማቱሳላ ኸኣ ትሽዓተ ሚእትን ስሳን ትሽዓተን ዓመት ኰነ። ሞተ ድማ።,ደቂ ሜቱሳላ ዅሉ ዕድመ ሙቱሳላ ትሽዓተ ሚእትን ስሳን ትሽዓተን ዓመት 
360,ንእያሱ ወዲ ነዌ ድማ፡ ንስኻ ኢኻ ንደቂ እስራኤል ናብታ ዝመሐልኩሎም ምድሪ እተእትዎም እሞ፡ ጽናዕ፡ ትባዕ፡ ኣነውን ምሳኻ ክኸውን እየ፡ ኢሉ ኣዘዞ።,ንእያሱ ወዲ ነዌ ድማ ኣዘዞ፡ ንሰብ እስራኤል ናብታ ዝመሐልኩሎም ምድሪ ኽትእ
361,እቲ ዛዕዝዓ ምስ ዘፈፈ ኸኣ፡ እንሆ፡ ኣብ ገጽ እቲ በረኻ ገለ ደቂቕ ከቢብ፡ ከም ኣስሓይታ ዝምድቃቑ ኣብ ምድሪ ነበረ።,ሕምልይቲ ማይ ምስ ሐለፈ፡ እንሆ፡ እቲ ዝነበሮ ስርናይ ከይዱ ናብ ገጽ በረኻ ቐሪቡ ምስ
362,እግዚኣብሄር ንሱ ኣምላኽ ከም ዝዀነ፡ ብጀካኡ ኻልእ ከም ዜልቦ ምእንቲ ኽትፈልጥ፡ ንኣኻ ተራእየካ።,እግዚኣብሄር ኣምላኽ ከም ዝዀነ፡ ካልእውን ከም ዜልቦ ምእንቲ ኽትፈልጡ፡ ንሱ ኣምላኽ
363,ሙሴ ድማ በሎም፡ ንዅለን ኣንስቲዶ ብህይወት ሓዲግኩምወን፡,ሙሴ ኸኣ፡ ንዅለን ኣንስቲ ብህይወትዶ ሐደግኩምና፧ ኢሎም በሎም። ሙሴ ድማ፥ ን
364,ቸሪ አበይ ክዕድግ እክእል,ቸሪ አበይ ክዕድግ እክእል
365,ኣምላኽ ድማ፡ እንሆ፡ ኣብ ልዕሊ ዅላ ምድሪ ዘርኢ ዘለዎ ዅሉ ኣሕምልትን ዚዝራእ ዘርኢ ዘለዎ ፍረ ኦም ናይ ኵሉ ኣእዋምን ሂበኩም አሎኹ እሞ፡ ምግቢ ይኹንኩም፡፡ ,ኣምላኽ ከኣ ኣብራም ድማ ብድሕሪ ደቡብ ንምህዳም ዞይሩ እናተጓዕዘ ናብ ደቡብ
366,ካብ ነገድ ጋድ ግዉኤል ወዲ ማኪ።,እግዚኣብሄር ወዲ ማኪ፡
367,እያሱ ወዲ ነዌ፡ ካብ ንእሽቶኡ ኣገልጋሊ ሙሴ ዝነበረ፡ ጐይታይ ሙሴ፡ ከልክሎም፡ ኢሉ መለሰ።,እዚ እቲ ሹም እቲ ሙሴ፡ ግዙእ ወዲ ነዌ፡ እቲ ሓለቓ ሙሴ፡ ሓደ ኻብቶም ቅቡ
368,ደቂ ቆራሕ ግና ኣይሞቱን።,ውሉድ ቆራሕ ግና ኣይሞቱን።
369,ንመስዋእቲ ሓጢኣት ሓደ ድቤላ፡,ንመስዋእቲ ሓጢኣት ከኣ ሓደ ድቤላ፡ ንመስዋእቲ ሓጢኣት ከኣ ሓደ ድቤላ ሰውኡ
370,እቲ ሰደቓ ብእኡ ኺጽወር፡ ነቲ መሰላታት ካብ ዕጨይቲ ሽጢም ገበሮ ብወርቂ ድማ ለበጦ።,ሕንዳዶ ድማ ካብ ዕጨይቲ ሽጢም ገበረ፡ ንመሰውኢ ኺጽወርሲ፡ ካብ ዕጨ
371,ኰነ ኸኣ፡ ኣብ ቤቱን ኣብ ኵሉ ጥሪቱን ካብ ዝሾሞ ጊዜ ጀሚሩ፡ እግዚኣብሄር ምእንቲ ዮሴፍ ኢሉ ንቤት እቲ ግብጻዊ ባረኻ። ኣብ ቤትን ኣብ መሮርን ኣብ ዝነበረ ዅሉ ጥሪቱ በረኸት እግዚኣብሄር ነበረ።,እግዚኣብሄር ካብታ ኣብ ቤቱ ሓለቓ ቤቱን ኣብ ግራቱ ነበረትሉ ዅሉን፡ ድሕሪኡ ኸኣ
372,ኣብኣ መሰውኢ ኣቝሙ ኸኣ፡ ኤል-ኤሎሄ-እስራኤል ኣውጽኣሉ።,ኣብኣ ድማ መሰውኢ ኣቚመ፡ ንሱ ኸኣ፡ ኤል-ሎሌ እስራኤል ኢሉ ኣውጽኣሉ።
373,እግዚኣብሄር ድማ ንሙሴ ኸምዚ ኢሉ ተዛረቦ፡,እግዚኣብሄር ድማ ንሙሴ ኸምዚ ኢሉ ተዛረቦ፡
374,በለ ድማ፣ እግዚኣብሄር ካብ ሲና መጸ፣ ካብ ሰዒር ድማ ተላዕለሎም፣ ካብ ከረን ጳራን ኣንጸባረቐ፣ ካብ ኣእላፋት ቅዱሳን መጸ፣ ካብ የማናዩ ናይ ሕጊ ሓዊ ወጸሎም።,እግዚኣብሄር ካብ ሲና ኣተወ፡ ካብ ሰዒር ድማ ወረደ፡ ካብ ሰዒር ከኣ ወረደ። 
375,እቲ ሚእቲ ታለንት ብሩር ድማ ንምፍሳስ ኣእጋር መቕደስን ኣእጋር መጋረጃን፡ ሚእቲ ታለንት ንሚእቲ እግሪ፡ ሓደ ታለንት ንሓደ እግሪ ዀነ።,ንእኡ ዚኸውን ኣእጋር መቕደስን ኣእጋር መውግእ ዚኸውን ኣእጋር ጋድማትን ንመ
376,ግናኸ ከይሞቱ፡ ነቲ ቅዱስ ነገር ቅጽበት ዓይኒ እኳ እንተ ዀነ፡ ንምርኣዩ ኣይእተዉ።,እቶም ምእንቲ ኸይሞቱስ፡ ንመቕደስ ኣቢሎም ምእንቲ ኸይሞቱ፡ ናብ መቕደስ ብ
377,ዮሴፍ ከኣ፡ ምፍታሑ እዚ እዩ፡ እቲ ሰለስተ መሶብ ሰለስተ መዓልቲ እዩ፡,ዮሴፍ ድማ፡ እዚ እቲ ትርኢት እዚ እዩ፡ እተን ሰለስተ መሶብ ከኣ ሰለስተ መዓልቲ እዮ
378,እግዚኣብሄር ድማ ካብ ወሰን ምድሪ ኽሳዕ ወሰን ምድሪ ናብ ኵሎም ህዝብታት ፋሕ ኬብለካ እዩ፡ ኣብኡ ድማ ንስኻን ኣቦታትካን ንዘይትፈልጥዎም ካልኦት ኣማልኽቲ፡ ንዕጨይትን ንእምንን ከተገልግል ኢኻ።,ካብ ወሰን ምድሪ ክሳዕ ወሰን ምድሪ፡ እግዚኣብሄር እግዚኣብሄር ካብ ምድሪ ኻብ ወሰን
379,ኣነ ሻምፖ ኣለኒ,ሻምፖ ኣለኒ ኣለኒ
380,ንደቂ እስራኤል ከምዚ ኢልካ ተዛረቦም፡ ሰበይቲ እንተ ጠነሰት፡ ወዲ ኸኣ እንተ ወለደት፡ ሾብዓተ መዓልቲ ትርከስ፡ ከምቲ ብመዓልትታት ሕማም ጻግኒኣ ትርከስ።,ብዛዕባ ደቂ እስራኤል ከምዚ ኢልካ ተዛረቦም፥ ሰበይቲ እንተ ጠነሰት ወዲውን እንተ ወለደት፡ 
381,ዮሴፍ ከኣ በሎ፡ ምፍታሑ እዚ እዩ፡ እቲ ሰለስተ ጨንፈር ሰለስተ መዓልቲ እዩ።,ዮሴፍ ድማ፡ እቲ ትርእዩ እዚ እዩ፡ እቲ ሰለስተ ጨንፈር ሰለስተ መዓልቲ እዩ፡ በሎ
382,እግዚኣብሄር ከኣ በላ፡ ኣብ ማሕጸንኪ ኽልተ ህዝቢ አለዉ፡ ካብ ከርስኺውን ክልተ ህዝቢ ኺፋላለዩ እዮም። እቲ ሓደ ህዝቢ ኻብቲ ኻልኣይ ህዝቢ ኺብርትዕ እዩ። እቲ ዓብዪ ነቲ ንእሽቶ ኺግዛእ እዩ።,እግዚኣብሄር ድማ፡ ክልተ ህዝብታት ኣብ ማሕጸብካ ኣለዉ፡ ክልተ ህዝብታት ካብ
383,ክልቲኤን ደቂ ሎጥ ከኣ ካብ ኣቦኤን ጠነሳ።,እዘን ኣዋልድ ሎጥ ድማ ምስ ኣቦኤን ብወዲ ዓዲ ዀና። ከምኡ ኽልቲኦም ኣዋልድ ሎጥ 
384,ንወይንኻ ድማ ኣይተዋሕዮ፡ ነቲ ኣብ ወይንኻ ዝወደቐ ፍረ ኸኣ ኣይትእረዮ፡ ንድኻን ንስደተኛን ደኣ ሕደጎ። ኣነ እግዚኣብሄር ኣምላኽኩም እየ።,ጓንጓኻ ኣይትዕጸድ፡ ጠስሚ ኸኣ በይንኻ ኣይትእረዮ፡ ነቲ ዝሓመቘ ወይንኻውን ኣይትእ
385,ድሕርዚ ነገርዚ ኸኣ ዀነ፡ ናይ ንጉስ ግብጺ ኣሰላፍ ሜሱን ሰንካት እንጌራኡን ንጐይታኦም ንጉስ ግብጺ በደሉ።,ብድሕርዚ ነገርዚ ድማ ዀነ፡ እቲ በዓል ንጉስ ግብጽን እቲ ሰንከኛ ንግዙእ ን
386,እቲ እግዚኣብሄር ከምዚ ኢሉ ዝአዘዞ ትእዛዝ ሕጊ እዚ እዩ፡ ሓንቲ ጕድለትን ኣበርን ዜብላ፡ ኣርዑት ዘይተሰቕለላ ጣላ ላም ኬምጽኡልካ፡ ንደቂ እስራኤል ንገሮም።,ሽዑ እቲ እግዚኣብሄር ከምዚ ኢሉ ዝኣዘዞ፡ ንደቂ እስራኤል፡ ገለ ጐደሎ ዜብሉ ጽ
387,ኣብ ዮርዳኖስ፡ ካብ ቤት-የሺሞት ክሳዕ ኣቤል-ሺጢም ኣብ ጐላጕል ሞኣብ ሰፈሩ።,ካብ ቤት-ይሽሞት ክሳዕ ዓብዪ-ሲምዒ ኣብ ጐላጕል ሞኣብ፡ ክሳዕ ኣቤል-ሸቲ
388,ኣፍ እቲ ዜኽይድ ብዕራይ ኣይትእሰር።,ኣብቲ ስርናይ ምስ ዚዐርፍ፡ ነቲ ብዕራይ ኣይትዕጸዶ።
389,ኲሉ ገምጋምካ ብሲቃል መቕደስ ይኹን፡ እታ ሲቃል ድማ ዕስራ ጌራ ትኹን።,ኲሉ ገምጋምካ ኸምቲ ሲቃል መቕደስ ብሲቃል መቕደስ፡ ዕስራ ጌራ ንመስዋእቲ ይ
390,ኣነ ድማ እዚ ኽገብረኩም እየ፡ ኣነ መሸበርን ሕዱር ሰዓልን ኣዒንቲ ዜሕምቕ ነፍሲ ኸኣ ዜድክም ዓሶን ክሰደልኩም እየ። ጸላእትኹም ኪበልዕዎ እዮም እሞ፡ ዘርእኹም ንኸንቱ ትዘርኡ።,እዚ ኸኣ ክገብረልኩም እየ፡ ዓመጽን መዓትትን፡ ንዓይንን ነፍሲ ዜውሕዱ መዓትትን ኣብ
391,ካብ ከረን ሆር ነቒሎም ድማ፡ ኣብ ጻልሞና ሰፈሩ።,ካብ ከረን ሆር ነቒሎም ድማ፡ ኣብ ጻልሞና ሰፈሩ። ኣብ ጻልሞና ሰፈሩ።
392,እንሆ፡ እግዚኣብሄር ኣምላኽካ እዛ ምድሪ ኣብ ኢድካ ሀበካ። ከምቲ እግዚኣብሄር ኣምላኽ ኣቦታትካ ዝበለካ፡ ደይብካ ውረሳ። ኣይትፍራህ፡ ኣይትሸበር።,ሓር ኣምላኽካ ነታ ምድሪ ኣብ ቅድሜኻ ቐደሳ። እንሆ፡ እግዚኣብሄር ኣምላኽካ እታ
393,ኣብ ትሕቲ እቲ ዕስራ ሉሕ ድማ ካብ ብሩር ኣርብዓ እግሪ ገይሮም፡ ኣብ ትሕቲ ሓደ ሉሕ ነቲ ኽልተ ሸኻሉ ኽልተ እግሪ፡ ኣብ ትሕቲ እቲ ኻልእ ኣልዋሕ ከኣ ነቲ ኽልተ ሸኻሉ ኽልተ እግሪ ገበረ።,ኣብ ትሕቲ እቲ ዕስራ ሉሕ ከኣ ኣብ ትሕቲ እቲ ዕስራ ሉሕ ኣርብዓ እግሪ ገበረ፡
394,ፐሮን,ኣራንሺ ድማ ስጋ ዕሮን ገይሩ ግና ኪሩቤል ይኹን።
395,ኤሳው በታ መዓልቲ እቲኣ መገዱ ናብ ስዒር ኣቢሉ ተመልሰ።,እዚኣ ኸኣ ኤሳው በታ መዓልቲ እቲኣ ናብ ሰዒር መገዱ ተልዒሉ ነበረ።
396,ሙሴ ኸኣ ኢዱ ናብ ልዕሊ ባሕሪ ዘርግሔ፡ እቲ ባሕሪ ድማ ብጊዜ ጽባሕ በርቲዑ ናብ ምውሓዙ ተመለሰ፡ ግብጻውያን ከኣ ኪሀድሙ ኸለዉ ተጓነፍዎ። እግዚኣብሄር ድማ ንግብጻውያን ናብቲ ማእከል ባህሪ ደርበዮም።,ሙሴ ድማ ኢዱ ናብ ልዕሊ ባሕሪ ዘርግሔ፡ ንጽብሒቱ ምስ ዚርኤ፡ እቲ ባሕ
397,ሙሴ ድማ ኣብ ቅድሚ እግዚኣብሄር፡ እንሆ፡ ኣነ ኸናፍረይ ኣይተገዝረን፡ ከመይ ኢሉ ደኣ ፈርኦን ኪሰምዓኒ፧ በለ።,ሙሴ ኸኣ ኣብ ቅድሚ እግዚኣብሄር፡ እንሆ፡ ኣነ ኻብ ዘይተጻረር መስፈሪ እየ እሞ፡ 
398,ኣብ ጸጽባሕ ከኣ ንመተዓረቒ ዚኸውን ንመስዋእቲ ሓጢያት ሓደ ዝራብዕ ኣቕርብ። ነቲ መሰውኢ ኸኣ በቲ እትዕረቐሉ ኣጽርዮ፡ ክትቅድሶውን ልኸዮ።,ነንመዓልቲ እቲ ንመተዓረቒ እቲ ዝራብዕ መስዋእቲ ሓጢኣት ሰውኡ። ምእንቲ ኸተዐ
399,ሙሴ ድማ ንኣሮን፡ ንዅሉ ኣኼባ ደቂ እስራኤል፡ ምጕርምራምኩም ሰሚዑ እዩ እሞ፡ ኣብ ቅድሚ እግዚኣብሄር ቅረቡ በሎም፡ በሎ።,ሙሴ ኸኣ ንኣሮን፡ ነቲ ኣኼባ ደቂ እስራኤል በሎ፡ ንብዘሎ ኣኼባ ደቂ እስራኤል፡ 
400,እሞ ሰረገላኡ ኣዳለወ፡ ህዝቡውን ምስኡ ወሰደ፡,ንሰረገላኡ ኸኣ ኣዳለወ፡ ሰራዊቱን ከኣ ምስኡ ኣሰከሞ፡
401,ሹም ማይ ቤት ኣቦ ዓሌታት ቃሃታውያን ድማ ኤሊጻፋን ወዲ ዑዚኤል እዩ።,ደቂ ቃሃታውያን ሹም ማይ ቤት ኣቦ ዓሌታት ቃሃታውያን ኤልያፋን ወዲ ዑዚኤል እዩ።
402,ዚብጀዎ ዘመድ እንተ ዜብሉ፡ ንሱ ግና ኢዱ እንተ መልኣሉ፡ ንምብጃው ዚአክልውን እንተ ረኸበ፡,ሰብ ገንዘብ ኪብጀዎ ዜብሉ እንተ ዜብሉ፡ እሞ እንተ ተሻየጡ፡ ዚብጀዎ ኸኣ ኣለዎ።
403,ነዋልዱ ድማ፡ ኣበይ ደኣ ኣሎ፧ ስለምንታይከ ነቲ ሰብቲ ሐደግኽንኦ፧ እንጌራ ኺበልዕ ጸውዓኦ፡ በለን።,ንሱ ድማ ንግዳሙ፡ ንሱ ኣበይ አሎ፧ ስለምንታይከ ነዚ ሰብኣይ ነሕሊፍካ ስለ ዘሕልፈን
404,ንምትዕራቕኩም ድማ ሓደ ድቤላ ንመስዋኣቲ ሓጢኣት።,ንምትዕራቕኩም ድማ ንመስዋእቲ ሓጢኣትኩም ንመተዓረቒ ኸተተዐርቐኩም፡ ሓደ ድ
405,ይስሃቅ ከኣ ንያእቆብ ሰደዶ። ንሱ ድማ ናብ ጳዳን-ኣራም፡ ናብ ላባን ወዲ ቤቱኤል እቲ ሶርያዊ ሓዉ ርብቃ ኣደ ያእቆብን ኤሳውን፡ ከደ።,ሽዑ ይስሃቅ ንያእቆብ ሰደድሉ። ንሱ ድማ ንበረኻ ሰደዳ። ናብ ጳዳን-ኣራም፡
406,የትሮ፡ ካህን ሚድያን ሓሙ ሙሴ፡ ኣምላኽ ንሙሴን ንህዝቡ እስራኤልን ዝገበሮ ዅሉ፡ እግዚኣብሄር ንእስራኤል ካብ ግብጺ ኸም ዘውጽኤ ሰምዔ።,የትሮ ካህን ሚድያን፡ ሓሙ ሙሴን ንህዝቡን ዝገበሮ ዅሉ ነገር ድማ ሰምዔ። እግ
407,ሽዑ ኣሕዋቱ፡ እሞ ብሓቂዶ ኣብ ልዕሌና ኽትነግስ፡ ብሓቂዶኸ ኽትገዝኣና ኢኻ፧ በልዎ። መሊሶም ከኣ ብዛዕባ ሕልምታቱን ዘረባኡን ኣዝዮም ጸልእዎ።,ኣሕዋቱ ድማ፡ ብሓቂዶ ትነገሩና ኢኻ፧ ብሓቂዶ ትገዝሩና ኢኻ፧ በልዎ። ንሳ
408,ዓስብኻ ቝጸረለይ እሞ እህበካ፡ ድማ በለ።,እቲ ኸኣ፡ ገንዘብካ ምልከትካኒ፡ ኣነ ኸኣ ክህበኒ፡ በለ። ንሱ ድማ፡ ውዕ
409,ነቲ ኻልኣይ ድዑል ወሲድካ ድማ፡ ኣሮንን ደቁን ኣእዳዎም ኣብ ርእሲ እቲ ድዑል የንብሩ።,ነታ ኻልኣይቲ ድዑል ወሲድካ ድማ፡ ኣሮንን ደቁን ኣእዳዎም ኣብ ርእሲ እቲ ድ
410,ዕጣን እትዓጥነሉ መሰውኢ ኸኣ ግበር፡ ካብ ዕጨይቲ ሽጢም ግበሮ።,ንመሰውኢ ምእንቲ ኺዕጠን ከኣ ዕጣን ዚሐርር መሰውኢ ግበረሉ፡ ካብ ዕጨይቲ
411,ከምኡ ድማ ብኻልኣይ ሸነኽ፡ እሞ እቲ ኣፍ ደገ ኣጸድ በዝን በትን ዐዓሰርተው ሓሙሽተ እመት መጋረጃታት ምስ ሰለስተ ዓንዱን ሰለስተ እግሩን ነበሮ።,እዚ ብኻልኣይ እግርን ነቲ ኻልኣይ ኢድን ኣብ ኣፍ ደገ ኣጸድ ዕስራ እመት ዝምንዋሑ መጋረጃ
412,ናብቲ በተን መዓልትታት እቲኤን ዘሎ ኻህን አቲካ ኸኣ፡ ናብታ እግዚኣብሄር ንኣና ኺሀበና፡ ነቦታትና ዝመሐለሎም ምድሪ ኸም ዝአቶኹ፡ ሎሚ ንእግዚኣብሄር ኣምላኽካ ኤፍልጥ ኣሎኹ፡ ትብሎ።,እሞ ናብቲ ኣብተን መዓልትታት እቲኤን ዚኸውን ካህን ተመሊስካ ናብቲ እትወጽእ ካ
413,ሰራዊቱን እቶም ቊጹራቱን ሰላሳን ክልተን ሽሕን ክልተ ሚእትን ነበሩ።,ምግዛእቱን እቶም ቊጹራቶምን ሰላሳን ክልተን ሽሕን ክልተ ሚእትን ነበሩ።
414,እቲ ኻህን ድማ ናብ መሰውኢ ኣቕሪቡ፡ ነቲ ርእሱ ይጥወዮ፡ ኣብ መሰውኢ ኸኣ የሕርሮ፡ እቲ ደሙ ኸኣ ኣብ ጎቦ መሰውኢ ይጸመቚ።,እቲ ኻህን ድማ ናብ መሰውኢ የቕርቦ፡ ርእሱ ኸኣ ይኽዐዎ፡ ኣብ ልዕሊ መሰውኢ
415,ክልተ ኪሩቤል ድማ ካብ ወርቂ ገበረ። ብምቕጥቃጥ ሰሪሑ፡ ንመኽደን መተዓረቒ ኣብ ክልተ ወሰኑ ገበሮም።,ነቶም ክልተ ኪሩቤል ወርቂ ኸኣ ገበረ፡ ኣብ ክልተ ወሰን መኽደን መተዓረቒ ኸኣ ካብ
416,ኣነ ድማ እቲ ኺዳነይ ምስ ያእቆብ እዝክር፡ ኪዳነይ ምስ ይስሃቅ ድማ፡ ኪዳነይ ምስ ኣብርሃም ከኣ እዝክር፡ ነታ ሃገርውን እዝክራ።,ነቲ ምስ ያእቆብ ኪዳነይ ምስ ይስሃቅ፡ ኪዳነይ ምስ ኣብርሃም፡ ኪዳነይ ምስ ኣብርሃም ድማ ስ
417,እቲ ፍርቂ፡ ግደ እቶም ናብ ውግእ ከይዶም ዝነበሩ፡ ቊጽሪ እተን ኣባጊዕ ሰለስተ ሚእትን ሰላሳን ሾብዓን ሽሕ ሓሙሽተን ሚእትን ኰነ።,ፍርቂ እቲ ናብ ውግእ ዚወጹ ዅሎም ሰለስተ ሚእትን ሰላሳን ሾብዓተን ሽሕን ሓ
418,ኣባኻትኩም ወዲ ሾሞንተ መዓልቲ ተባዕታይ ዘበለ ዂሉ፡ ኣብ ወለዶኹም፡ ኣብ ቤት እተወልደን ካብ ማንም፡ ካብ ዘርእኻ ዘይኰነ ወዲ ጓና ብገንዘብ እተዓደገን ይገዘር።,ካብ ዘርእኻ ዘይኰነ ጓና ሰብኣይ፡ ወይ ብገንዘብ ብሒደት ካብ እተዓደገ ስደተኛ፡ ኣብ
419,ሰብ ካብ ብጻዩ ገለ እንተ ለመነ፡ ዋናኡ ኸየሎ ኸኣ እንተ ተሰብረ ወይ እንተ ሞተ፡ ካሕሳ ይኽሐሶ።,ነፍሲ ኻብ ኣባይቲ ብጻዩ ገለ ካብ ብጻዩ እንተ ኣውረኸ፡ ወይ እንተ ሞተ፡ እቲ ዋናኡ 
420,ኵሉ ህዝቢ ድማ ነቲ ዓንዲ ደበና ኣብ ኣፍ ድንኳን ደው ኢሉ ረኣዮ፡ ኵሉ እቲ ህዝቢ ተንስኤ እሞ፡ ነፍሲ ወከፍ ኣብ ኣፍ ድንኳኑ ዀይኑ ይሰግድ ነበረ።,ዓብዪ ደበና ኣብ ኣፍ ድንኳን ኪቐውም ረኣየ። ኵሉ እቲ ህዝቢ ኸኣ ነቲ ዓንዲ ደበ
421,እግዚኣብሄር ድማ፡ ገጸይ ምሳኻ ይኸይድ፡ ከዕርፈካ ኸኣ እየ፡ በሎ።,መሊሱ ኸኣ፡ ገጽይ ምሳኻ ኺኸይድ እዩ፡ ድሕሪ ምሉእ ከኣ ክህበካ እየ፡ 
422,ከማኻ ዝበለ ነብዪ ኻብ ማእከል ኣሕዋቶም ከተንስኣሎም እየ፡ ቃለይ ከኣ ኣብ ኣፉ ኸንብር እየ፡ ንሱ ድማ ዝአዘዝክዎ ዅሉ ኺነግሮም እዩ።,ካብ ማእከል ኣሕዋቶም ከኣ ከምኻ ኻብ ኣሕዋትካ፡ ንእሽቶ ኻብ ኣሕዋቶም፡ ነብዪ 
423,ብዕራይ ወይ በጊዕ ኣካሉ እንተ ነውሔ ወይ እንተ ሓጸረ፡ ንመስዋእቲ ፍቓድሲ ግበሮ፡ ንመስዋእቲ መብጽዓ ግና ኣይፍቶን እዩ።,ሓደ ዝራብዕ ወይ ገንሸል፡ ካብ ጒዱኣቱ ወይ ብምሉኡ ጐደሎ ዘለዎ ገንሸል ንፍ
424,ካብ ምድሪ ግብጺ ዘውጻእክዎም ባሮተይ እዮም እሞ፡ ባርያ ኸም ዚሽየጥ ኣይሸየጡ።,እዚኣቶም ካብ ምድሪ ግብጺ ዘውጻእክዎም ባሮተይ እዮም እሞ፡ ከም ባሮተይ ኣይሸየ
425,እቶም ነጋዶ ሰብ ሚድያን ኪሐልፉ ኸለዉ፡ ንዮሴፍ ኣልዒሎም፡ ካብ ጕድጓድ ኣውጽእዎ እሞ፡ ንዮሴፍ ንዕስራ ሲቃል ብሩር ኣብ እስማዔላውያን ሸጥዎ። ንሳቶም ከኣ ንዮሴፍ ናብ ግብጺ ወሰድዎ።,ማይ ዚባላዕ ግና ብሓይሊ ዚሐልፉ ጐይዮም ረኸቡ፡ ንዮሴፍ ካብቲ ጕ
426,ኣብ ወጻኢ ሰፈር እትወጸሉ ቦታ ይሀሉኻ።,ኣብ ወጻኢ ሰፈር ናብ ግዳም ዚወጹሉ ቦታ ሐሊፍኩም፡
427,ክፉእ ክገብረኩም ኣብ ኢደይ ስልጣን ኣሎኒ። ኣምላኽ ኣቦኹም ግና ትማሊ ለይቲ፥ ንያእቆብ ጽቡቕ ኰነ ኽፉእ ከይትዛረቦ ተጠንቀቕ፡ ኢሉ ተዛረበኒ።,እዚ ኣብ ኢደይ ንዝበደልኩም እዩ እምበር፡ ክፈትውን ኣብ ኢደይ እዩ እሞ፡ ክኽልክለኩም ኣይከ
428,እቲ ገምጋምካ ድማ፡ ንተባዕታይ ካብ ዕስራ ዓመት ክሳዕ ወዲ ስሳ ዓመት ገምጋምካ ብሲቃል መቕደስ ሓምሳ ሲቃል ብሩር ይኹን።,ገምጋምካ ካብ ወዲ ዕስራ ዓመት ክሳዕ ወዲ ስሳ ዓመት ዘለዉ ተባዕታይ፡ ገምጋ
429,ካብ ጸጕርን ልሕጺ እንጣጢዕን ተሐዊሱ እተአልመ ዓለባ ኣይትከደን።,ንሓደ እተሐወሰ ዓለባ፡ ናይ ልሕጺ እንጣጢዕን ብሓደ እተሐወሰ ዓለባ ኣይትግበሩ።
430,ርኤ፡ ሎሚ ህይወትን፡ ሞትን: ጽቡቕን ክፉእን ኣብ ቅድሜኻ ኣንቢረልካ ኣሎኹ።,ርኣዩ፡ ኣነ ሎሚ ህይወትን ጽቡቕን ክፉእን ዜብሉን፡ ህይወትን ጽቡቕን ኣብ ቅ
431,እተን ዝዘመትናየን ማል ጥራይ ምስቲ ኻብ ከተማታት ዝገፈፍናዮ ንኣና ወሰድና።,እተን ዝወሰድናያ ኸተማታት ምስቲ እትወስድናዮ ዕሽር እተን ከተማታት ብዓብዪ ምፍራያት፡ ንኣ
432,መዚ ኣልኣዛር፡ ወዲ ኻህን ኣሮን፡ ኣብቲ ንቐዋሚ ቐንዴል ዚኸውን ዘይትን ኣብቲ ምኡዝ ዕጣንን ኣብቲ ናይ ወርትግ መስዋእቲ ብልዕን ዘይቲ ቕብኣትን፡ ኣብ ብዘሎ ማሕደርን ኣብኡ ዘሎ ዅሉን፡ ኣብ መቕደስን ኣብ ኣቓሑኡን ይኹን።,እቲ ሓለዋ ኻህን ኣልኣዛር ወዲ ኻህን ኣሮን ድማ፡ ዘይቲ ንሕብሪ፡ ምኡዝ ዕጣን
433,ከምቲ እግዚኣብሄር ንሙሴን ነቶም ካብ ምድሪ ግብጺ ዝወጹ ደቂ እስራኤልን ዝአዘዞም፡ ነቶም ካብ ወዲ ዕስራ ዓመት ንላዕሊ ዘለዉ ቚጸሮም።,ካብ ወዲ ዕስራ ዓመት ንላዕሊ ኽሳዕ ወዲ ዕስራ ዓመት ዝወጹ ዅሎም፡ ከምቲ እግዚ
434,ደቂ እስራኤል ድማ እዚ ምስ ረኣዩ፡ እንታይ ምዃኑ ኣይፈለጡን እሞ፥ እዚ እንታይ እዩ፧ ኢሎም ንሓድሕዶም ተሓታትቱ። ሙሴ ኸኣ፥ እዚ እግዚኣብሄር ክትበልዕዎ ዝሀበኩም እንጌራ እዩ።,ደቂ እስራኤል ምስ ረአይዎ፡ እንታይ እዩ፧ ንሱ እንታይ እዩ፧ ንሱ ኣይፈለጥዎ እንታይ ምዃኑ ድ
435,እቲ ልዑል ንህዝብታት ምስ ኣረስተዮም፣ ንደቂ ኣዳም ምስ ፈላለዮም፣ ከም ቊጽሪ ደቂ እስራኤል ዶባት ህዝብታት መደበ።, እቲ ቕዱስ እግዚኣብሄር ነዞም ህዝብታት ርስቶም ሂቡ ኸሎ፡ ንደቂ ሰብ ቈጽሊ
436,ኣነ ጠበቓ ክገብር ክፍቀደኒ እደሊ,ኣነ ናብ ጠበቓ ክገብር ክፍቀደኒ እደሊ ኣሎኹ።
437,ነታ ነቦታቶም ዝመሐልኩሎም ምድሪ ከኣ ኣይርእይዋን፡ ካብቶም ዝነዐቑኒውን ሓደ እኳ ኣይርእያን።,እዚኣቶም ነታ ኣነ ንደቂ ኣቦታቶም ዝመሐልኩሎም ምድሪ ኣይርእዩ፡ ካብቶም ዝጸልኡኒ ኸ
438,ሎጥ ኣብ ዞኣር ምስ ኣተወ ድማ፡ ኣብታ ምድሪ ጸሓይ በረቐት።,ሎጥ ናብ ጾኣር ምስ መጸ፡ ጸሓይ ኣብ ምድሪ ተንስኤ፡ ንሎጥ ናብ ጾኣር ምስ መጸ
439,ነቲ ኣብ ማእከሎም ዝነበረ ሕውስዋስ እኽብካብ ህዝቢ ታፍላ ሐዞ። ደቂ እስራኤል ድማ መሊሶም በኸዩ በሉ ኸኣ፡ እንበልዖ ስጋ መን ይህበና፡,ኣብ ማእከሎም እቲ ብዙሕ ሕውስዋስ ኰይኑ ኸኣ ዓው ኣዝዩ ሀጐሰ። ደቂ እስራኤል ከኣ በ
440,እግዚኣብሄር ኣምላኽካ ድማ ናብታ ኣቦታትካ ዝወረስዋ ምድሪ ኼእትወካ እዩ፡ ንስኻ ኸኣ ክትወርሳ ኢኻ እሞ፡ ንሱ ኼጸብቐልካ፡ ካብ ኣቦታትካ ድማ ኬብዝሓካ እዩ።,እግዚኣብሄር ኣምላኽካ ድማ ናብታ ኣቦታትካ ዝርከቡላ ምድሪ ኼእትወካ፡ ንስኻ
441,ምስ ዚሰፍር ከኣ፡ ዎ እግዚኣብሄር፡ ናብቶም እልፊ ኣእላፋት እስራኤል ተመለስ፡ ይብል ነበረ።,እቲ ኸብድ ድማ ምስ በጸበ ድማ፡ ንእግዚኣብሄር፡ ናብተን ዓሰርተው ካብ ዓሰርተው 
442,እርእዮ ኣሎኹ፡ ሕጂ ደኣ ኣይኰነን፡ እጥምቶ ኣሎኹ፡ ግናኸ ቀረባ ኣይኰነን፡ ካብ ያእቆብ ኰዀብ ይወጽእ፡ ካብ እስራኤል ከኣ በትሪ መንግስቲ ትትንስእ፡ ንሳ ንመሳፍንቲ ሞኣብ ትወቕዖም፡ ንዅሎም ደቂ መዕገርገርቲ ትጭፍልቖም።,እዚ ጥራይ ከኣ ይርእየ፡ ሕጂ ግና ኣይርኤን እየ፡ ናብ ያእቆብ ከኣ ሰማይ ይወጽእ፡
443,ሰንደቕ ዕላማ ሰፈር ኤፍሬም ከም ሰራዊቶም ብሸነኽ ምዕራብ ይኹን። ሹም ደቂ ኤፍሬም ድማ ኤሊሻማዕ ወዲ ዓሚሁድ እዩ።,ኣብ ምዕራብ ብሸነኽ ምዕራብ ሰንደቕ ዕላማ ሰፈር ኤፍሬም ከም ሰራዊቶም ድማ ምልክትን
444,ሕጂ ኸኣ፡ ዎ እግዚኣብሄር፡ እንሆ፡ መጀመርታ ፍረ እታ ዝሀብካኒ ምድሪ ኣምጺኤ ኣሎኹ፡ ኢልካ ኣብ ቅድሚ እግዚኣብሄር ኣምላኽካ አንብሮ፡ ኣብ ቅድሚ እግዚኣብሄር ኣምላኽካ ኸኣ ስገድ።,ርኣዩ፡ እንሆ፡ ካብቲ እግዚኣብሄር ዝሀብካኒ ዅሉ በዅሪ ምድር ኣምጺኤ ኣሎኹ።
445,ኩኽ አበይ ክረክብ እክእል,ኩኽ አበይ ክረክብ እክእል
446,እንስሳ ዝቐተለ ይተክኣሉ፡ ሰብ ዝቐተለ ኸኣ ይሙት።,ንዓሳ እቲ ዘውድኦ ኺጽብቐል እዩ፡ ንሰብ ድማ እቲ ዘቐተሎ ይጽብቐል፡ ንሰብ
447,ንሱ ድማ፡ ሰለስተ ዓመት ዝገበረት ኣርሕን ሰለስተ ዓመት ዝገበረት ጤልን ሰለስተ ዓመት ዝገበረ ድዑልን ምስ እዚ ኸኣ ባሬቶን ርግብን ኣምጽኣለይ፡ በሎ።,ኣምላኽ ድማ፡ ኣርዑት ዓሰርተው ሰለስተ ዓመት፡ ጠፈር ዓሰርተው ሰለስተ ዓመት፡ ድዓውል ዓሰር
448,እቲ ንእግዚኣብሄር ዜቕርብዎ መስዋእቲ ኻብ እንስሳ እንተ ዀነ ኸኣ፡ ካብኡ ንእግዚኣብሄር እተዋህበ ዂሉ ቅዱስ ይኹን።,ካብቶም ንእግዚኣብሄር ንመስዋእቲ ዚስውኡ እንስሳ ዝዀነ ሰብ፡ ንእግዚኣብሄር
449,ወሲዶም ድማ ናብ ጕድጓድ ደርበይዎ። እቲ ጕድጓድ ከኣ ማይ ዜብሉ ጥራዩ ነበረ።,ሒዞም ድማ ወሲዶም ናብቲ ጕድጓድ ኣጥመዩ፡ ናብቲ ጕድጓድ ኣውረድዎ።
450,ክፉእ ኣብ ልዕሊኦም እእክብ፣ ፍላጻይ እውርውረሎም።,ንኣታቶም ክፉእ ክገብሮም እየ፡ ጸበባታት ከኣ ክሰድድ እየ፡ ኣነ ድማ ኣእጋረይ ከጥፍኦ
451,በታ እግዚኣብሄር ኣብ ከረን ሲና እተዛረበላ መዓልቲ፡ ወለዶ ኣሮንን ሙሴን እዚ እዩ።,እታ እግዚኣብሄር ምስ ሙሴ ኣብ ከረን ሲና እተዛረበላ መዓልቲ፡ ኣብኡ እግዚኣብሄር ምስ ሙሴ
452,ሕጂ ድማ ናብ ቦታኻ ህደም። ኣነ ኣዝየ ከኽብረካ ኢለ ነይረ፡ እግዚኣብሄር ግና እንሆ፡ ከይትኸብር ከልኣካ፡ በሎ።,ሕጂ ኸኣ ናብታ ቦታኻ ትሀድም፡ ኣነ ኸኣ ብዓብዪ ግርማ ከብዝሕኩም በልኩ፡ 
453,ኣምላኽ ካብ ግብጺ ኣውጽኦ፡ ሓይሊ ኸም ናይ ርኤም ዝበለ ኣለዎ፡ ነቶም ዚጻረርዎ ህዝብታት ኪበልዖም እዩ፡ ኣዕጽምቶም ከኣ ኪሰባብር እዩ፡ ብመንትጉውን ኪወግኦም እዩ።,ኣምላኽ ድማ ካብ ግብጺ ኣውጽኣዮ፡ ሓይሊ ኸም ብዕራይ ከም ዘለዎ፡ ንህዝብታት
454,ኵሉ ዕድመ መሃላልኤል ከኣ ሾሞንተ ሚእትን ተስዓን ሓሙሽተን ዓመት ኰነ። ሞተ ድማ።,ኵሉ ዕድመ ምናሆልኤል ከኣ ሾሞንተ ሚእትን ተስዓን ሓሙሽተን ዓመት ኰነ። ሞ
455,እዚ ኻብ መስዋእቲ ሓዊ እግዚኣብሄር ንእኡ ቅዱስ ቅዱሳን እዩ እሞ፡ ንኣሮንን ንደቁን ይኹን፡ ኣብ ቅዱስ ቦታ ኸኣ ይብልዕዎ። እዚ ናይ ዘለኣለም ሕጊ እዩ።,ንኣሮንን ንደቁን ኪኸውን እዩ፡ ንእኡ ኻብቲ እግዚኣብሄር ብሓዊ ዚግበር መስዋእቲ
456,በላዓም ግና ንባላቅ፡ እግዚኣብሄር ዚብለኒ ዅሉ እየ ዝገብር፡ ኢለዶ ኣይተዛረብኩኻን፧ ኢሉ መለሰሉ።,በላዓም ድማ ንበላቃ፡ ንበላቅ፡ እንታይ ከም ዝበልካ፡ ኵሉ እግዚኣብሄር ኪገብርሲ ኽገ
457,ሽዑ ሙሴ ነቶም ህዝቢ፡ ኣይትፍርሁ፡ ደው በሉ፡ እቲ ምድሓን እግዚኣብሄር ሎሚ ዚገብረልኩም ርኣዩ። እዞም ሎሚ እትርእይዎም ግብጻውያን ደጊም መሊስኩም ንዘለኣለም ኣይትርእይዎምን።,ሙሴ ኸኣ ነቶም ህዝቢ፤ ኣይትፍርሁ፡ ጽንሑ እሞ እቲ ሎሚ ንኣኻትኩም ዚግበር
458,ኣብራም ከኣ፡ ዎ እግዚኣብሄር ጐይታይ፡ ኣነ ውሉድ ዜብለይ እኸይድ አሎኹ፡ ወራስ ቤተይ ዚኸውን ድማ ንሱ ኣልኣዛር፡ በዓል ደማስቆ፡ እዩ፡ እንታይሞ ኽትህበኒ ኢኻ፧ በለ።,ኣብራም ድማ፡ ጐይታይ፡ ኣነ ድኻ እየ፡ እቲ ርስተይ ዚረስትዮ ኸኣ ኤልዔዝር 
459,እግዚኣብሄር ኣምላኽካ ምስ ዚባርኸካ፡ እታ እግዚኣብሄር ኣምላኽካ ስሙ ኼንብረላ ዝሐረያ ቦታ እንተ ረሐቐትካ እሞ መገዲ ስለ ዝነውሓካ፡ ናብኣ ኸተምጽኦ እንተ ዘይተኻእለካ፡,ኪባርኸካ ኸሎ ናብታ እግዚኣብሄር ኣምላኽካ፡ ንማያት ጸጊቡ ኽሳዕ እትስዕቦ፡
460,ደቂ ዮሴፍ፡ ወለዶ ደቂ ኤፍሬም በብዓሌቶም፡ በብማይ ቤት ኣቦታቶም፡ በብስሞም እተቘጽሩ፡ ካብ ወዲ ዕስራ ዓመት ንላዕሊ ናብ ውግእ ዚወጹ ዅሎም፡,ደቂ ዮሴፍ ካብ ደቂ ኤፍሬም በብዓሌቶም፡ በብማይ ቤት ኣቦታቶም፡ በብስሞም እተቘጽሩ
461,ኔቦን በዓል-ሜዖንን ሰርሑ፡ - ስመን ከኣ ተለወጠ፡ - ሲብማውን ሰርሑ። ነተን ዝሰርሕወን ከተማታት ከኣ ካልእ ስም ኣውጽኡለን።,ንኖቦን ንባላሕን ንቤል-ሜኖን (ስሞም በብሓላቑ እተለውጽዎ) ስሞም ሼባ
462,ያእቆብ ድማ ልኢኹ ንራሄልን ንልያን ናብተን መጓሴኡ ናብ መሮር ጸውዔን፡,ያእቆብ ድማ ሰደደ፡ ንራሄልን ንልያን፡ ናብ መሮር ንምጓሲኡ ናብ መሮር ጸው
463,ንሓድሕድና ኻብ ዘይንርእኤ፡ እግዚኣብሄር ኣብ መንጎይን ኣብ መንጎኻን ይፋቒ፡ ኢሉ ነበረ እሞ፡ ሚጽጳ ድማ ተባህለ።,ንሱ ኸኣ፡ እግዚኣብሄር፡ ኣብ መንጎ ሓደ ኻብ ኵሉ እንተ ጸንሔና፡ ኣብ መንጎይን ኣብ መን
464,ካብ ከረን እግዚኣብሄር ከኣ መገዲ ሰለስተ መዓልቲ ተጓዕዙ። ታቦት ኪዳን እግዚኣብሄር ድማ ዚዐርፉላ ቦታ ኺደልየሎም፡ መገዲ ሰለስተ መዓልቲ ቐደሞም።,ካብ ከረን እግዚኣብሄር ከኣ መገዲ ሰለስተ መዓልቲ ኣንቀሉ። ካብ ከረን እግዚኣብሄር ከኣ 
465,እንሆ፡ ኢድ እግዚኣብሄር መሮር ኣብ ዘለዋ ማልካ፡ ኣብ ኣፍራስ፡ ኣብ ኣእዱግ፡ ኣብ ኣግማል፡ ኣብ ኣሓን ኣብ ኣባጊዕን ብኣዝዩ ብርቱዕ ሕማም ክትከውን እያ።,ኣብ መሮር ኣብ ኰዀረሎኹም፡ ኣብ ላዕሊ፡ ኣብ ኣግራድ ኣብ ልዕሊ ኣእዱግን ኣግማልን፡
466,ኰነ ኸኣ፡ ናብ ወጻኢ ምስ ኣውጽእዎም፡ ነፍስኻ ኣድሕን፡ ንድሕሪት ገጽካ ግልጽ ኣይትበል፡ ኣብ ብዘሎ እዚ ጐልጐል ድማ ደው ኣይትበል። ምእንቲ ኸይትጠፍእ፡ ናብ ከረን ኣቢልካ ድሓን፡ በለ።,ኰነ ኸኣ፡ ናብቶም ሰፈሩ ምስ ኣውጽኡ፡ ንሱ፤ ንነፍስኹም ተለቅቕ፡ ኣብ ጐ
467,ካህናት ደቂ ሌዊ ድማ፡ እግዚኣብሄር ኣምላኽካ ኼገልግልዎ ብስሙውን ኪባርኹ ሓርይዎም እዩ እሞ፡ ይቕረቡ። ኵሉ ባእስን ኵሉ መፍጋእትን ከኣ ከም ቃሎም ይቑም።,ብስም እግዚኣብሄር ኣምላኽካ ኽሕነት ኪዀኑን ኬባረኹን፡ ብስም እግዚኣብሄር ድማ ኪባር
468,ሕጂ ኸኣ ኪድ እሞ፡ ነዚ ህዝቢ ናብቲ ዝበልኩኻ ምርሓዮ። እንሆ፡ መልኣኸይ ቀቅድሚኣኻ ኪኸይድ እዩ። ኣነ ግና በታ ንኣታቶም ዝበጽሓላ መዓልቲ፡ ሓጢኣቶም ክቐጽዕ እየ፡ በሎ።,ንዓ ንህዝቢ ናብታ እተዛረብኩኻ ቦታ ጽይዓዮ፡ እንሆ፡ መልኣኸይ ቀቅድሜኻ ይን
469,ምሸት ኰነ ብጊሓትውን ኰነ፡ ሓምሰይቲ መዓልቲ።,ንዚምርቖም ከኣ ክምርቖም፡ ክረግመ ኸኣ፡ ንዚረግመካውን ክረግመ እየ። ንስኻ ድማ ብህይወ
470,ፈርኦን ድማ፤ እንሆ፡ እዚ ህዝቢ ሕጂ ኣብዛ ሃገር በዚሑ እዩ። ካብ ዕዮኦም ከኣ ተዕርፍዎም ኣሎኹም፡ በለ።,ፈርኦን ድማ፡ እንሆ፡ ህዝቢ እታ ሃገር ብዙሕ እያ፡ ካብ ዕዮ ዕዮኦም ከኣ ኣሕል
471,ኣብርሃም ከኣ ንይስሃቅ ወዱ፡ ከምቲ ኣምላኽ ዝኣዘዞ፡ ወዲ ሾሞንተ መዓልቲ ምስ ኰነ፡ ገዘሮ።,ድሕርዚ ነገርዚ ኸኣ ዀነ፡ ንርብቃ ድማ ነቲ እተወልደሉ ወዱ ይስሃቅ ኣውጽኣሉ።
472,ኣነ፣ ኣነ እየ ንሱ፣ ምሳይ ካልእ ኣምላኽ ከም ዜልቦ ድማ፣ ሕጂ ርኣዩ። ኣነ እቐትል ህያው እገብር፣ ኣነ ኤቚስል ድማ፣ ካብ ኢደይ ዜድሕን ከኣ የልቦን።,ብኣነ እኔኹ፡ ኣነ ንሱ ድማ ከም ዝዀንኩ፡ ኣምላኽ ድማ የልቦን፡ ቕተል እየ፡ ህ
473,ሙሴን ካህን ኣልኣዛርን ከኣ ነቲ በብዓይነቱ እተሰርሔ ኣቓሑ ወርቂ ኻባታቶም ወሰድዎ።,ሙሴን ካህን ኣልኣዛርን ድማ እቲ ወርቂ፡ ብዘሎ ኣቓሑ ኣቓሑ ድማ ኣእተዋ።
474,ሰብ ከኣ ምስ እንስሳ ብስጋ እንተ ተራኸበ፡ ሞት ይሙት፡ ነታ እንስሳውን ቅተልዋ።,ሕጂ ኸኣ፡ ሰብ ምስ እንስሳ እንተ ደቀሰ፡ ሞት ይሙት፡ ነቲ እንስሳ ድማ ሕረዶ።
475,እቲ ፈዳይ ደም ከኣ ኣብ ወጻኢ ዶብ እታ ኸተማ መዕቈቢቱ እንተ ረኸቦ፡ እቲ ፈዳይ ደም ድማ ነቲ ቐታሊ እንተ ቐተሎ፡ ዕዳ ደም የብሉን።,እቲ ፈዳይ ደም ከኣ ኣብ ወጻኢ ዶብ ኸተማ መዕቈቢቱ እንተ ረኸቦ፡ እቲ ፈዳይ ደም ድ
476,እታ ምድሪ ምእንቲ ኸይትባድም፡ ኣራዊት መሮር ከኣ ከይበዝሑኻ፡ ብሓንቲ ዓመት ካብ ቅድሜካ ኣይሰጎምን እየ።,ምድሪ ኸይትነጽህ፡ እተን ኣራዊት መሮር ከኣ ኣብ ልዕሌኻ ኸይበዝሑ፡ እቶም ኣብ ግራ
477,እቲ ሓለቓ ኣሰለፍቲ ሜስ ከኣ ሕልሙ ንዮሴፍ፡ እንሆ፡ ብሕልመይ ኣብ ቅድመይ ኦም ወይኒ ርኤኹ።,እቲ ሓለቓ ኣሰለፍቲ ሜስ ድማ ድማ ሕልሙ ንዮሴፍ ነገርዎ፡ እንሆ፡ ሕልሙ፡ እንሆ፡
478,ሳራይ ድማ ንኣብራም፡ እዚ ዝዕገቦ ዘለኹ ናብ ልዕሌኻ ይውረድ። ኣነ ግዝእተይ ኣብ ሕቝፍኻ ሀብኩኻ፡ ከም ዝጠነሰት ምስ ረኣየት ከኣ ኣቃለለትኒ። እግዚኣብሄር ኣብ መንጎይን ኣብ መንጎኻን ይፍረድ፡ በለቶ።,ሳራይ ከኣ ንኣብራም በሎ፡ እዚ ሓጢኣትካ እዩ። ኣነ ድማ ነታ ባርያኻ ኣብ ሕቚፍ
479,በላዓም ድማ ንባላቅ፡ ኣብ ጥቓ እዚ ዚሐርር መስዋእትኻ ደው በል፡ ኣነ፡ ምናልባሽ እግዚኣብሄር ኪራኸበኒ እንተ ወጸ፡ ክኸይድ እየ፡ እቲ ንሱ ዜርእየኒ ነገር ከኣ ክነግረካ እየ፡ በሎ። ናብ ሓደ መላጥ በሪኽ ድማ ከደ።,በላዓም ከኣ ንባላቅ፡ ኣብ ጥቓ እቲ ዚሐርር መስዋእትኻ ደው በል እሞ እኸይድ፡ በ
480,በልኩኹም ድማ፥ ንስኻትኩም ምድሮም ክትርስተዩ ኢኹም፡ ኣነ ኸኣ እታ ጸባን መዓርን እትውሕዝ ምድሪ ንርስቲ ኽህበኩም እየ። ካብ ህዝብታት ዝፈሌኹኹም ኣነ እግዚኣብሄር ኣምላኽኩም እየ።,ብሓቂ ግን፡ ምድሮም ትወርስዋ፡ ሃገሮም ድማ ክትወርስዋን ኢኹም ዝበልኩኹም። ንሳ 
481,ከጥፍኦም፡ ስሞምውን ካብ ትሕቲ ሰማይ ክድምስስ ሕደገኒ፡ ንኣኻ ድማ ካባታቶም ዚሕይልን ዚበዝሕን ህዝቢ ኽገብረካ እየ፡ ኢሉ በለኒ።,በጃኻ ኸኣ፡ እነጥፍኦም፡ ስሞም ድማ ካብ ትሕቲ ሰማይ ከጥፍኦም፡ እግዚኣብሄር
482,ንደቅኹም ከተማታት፡ ነባጊዕኩም ከኣ ደምቤታት ስርሑ፡ እቲ ኻብ ኣፍኩም ዝወጸ ድማ ግበርዎ።,ንደቅኻ ንዓበይቲካ ከተማታት፡ ንማሕደርካ ድማ ሰፈሮ። ንመጓሴኻ ኸኣ ኣባትር
483,ንሱ ስለ ዝኸደ ድማ ኲራ ኣምላኽ ነደደ። ንሱ ኣድጉ ተወጢሑ ኽልተ ገላዉኡ ኸኣ ምስኡ ኪኸዱ ኸለዉ፡ መልኣኽ እግዚብሄር ኪኽልከሎ ኣብ መገዲ ደው በለ።,ንሱ ስለ ዝኸይድ ከሎ ኸኣ ኲራ ኣምላኽ ኰነ። እቲ መልኣኽ እግዚኣብሄር ድማ ብምኽ
484,ንሙሴ ድማ፡ ናብዚ በረኻ ኽንመውት ዝወሰድካናስ፡ ኣብ ግብጺዶ መቓብር ኣይነበረን፧ ካብ ግብጺ ዘውጻእካናስ ንምንታይ እዚ ገበርካና፧,ንሙሴ ድማ፡ ኣብ ግብጺ መቓብር የብሉ ስለምንታይ ኣብ በረኻ ኽንመውት ካብ ግብጺ ዘው
485,እቲ ለምጺ ኣብ ቈርበት ገፊሑ እንተ ወጸ፡ እቲ ለምጺ ኸኣ ነቲ ቚሱል፡ ዓይኒ እቲ ኻህን ዚርእዮ ዘበለ፡ ካብ ርእሱ ኽሳዕ እግሩ ንዂሉ ቘርበቱ እንተ ኸደኖ፡,ብዘሎ ቈርበት ቆርበት ለምጺ እንተ ለሐመ፡ እቲ ለምጺ ድማ ብዘሎ ቖርበት እቲ ቚሱል
486,ንመስዋእቲ መስተ ኸኣ ምስቲ ዚሐርር መስዋእቲ ወይ መስዋእቲ ሕሩድ ነንሓደ ገንሸል ርብዒ ሂን ወይኒ ግበር።,ንመስዋእቲ መስተን ከኣ ሓዊን ወይኒውን፡ ንመስዋእቲ መስተ ኸኣ ምስቲ ዚሐርር መስዋእቲ
487,እቲ ኣልዋሕ ሸሞንተ፡ እቲ ናይ ብሩር ኣእጋሩ ኸኣ ዓሰርተው ሽዱሽተ እግሪ፡ ኣብ ትሕቲ ሓደ ሉሕ ክልተ እግሪ፡ ኣብ ትሕቲ እቲ ኻልእ ሉሕ ድማ ክልተ እግሪ ይኹን።,ሾሞንተ ሉሕ ከኣ ኣእጋሩ ኻብ ብሩር ይኹን፡ ዓሰርተው ሹድሽተ እግሪ፡ ኣብ ትሕቲ
488,ሙሴ ድማ፡ እንሆ፡ ንሳቶም፤ እግዚኣብሄር ኣይተራእየካን፡ ኪብሉኒ እዮም እሞ፡ ኣይኣምኑንን፡ ቃለይውን ኣይሰምዑን እዮም፡ ኢሉ መለሰ።,ሙሴ ድማ፡ ኢሉ መለሰሉ። እንሆ፡ ንሳቶም፡ እግዚኣብሄር ኣይረኣየካን እዩ እሞ፡ ን
489,ሙሴ ድማ እቲ ነገረን ናብ ቅድሚ እግዚኣብሄር ኣቕረበ።,ሙሴ ድማ ነቲ ሓጢኣቶም ናብ ቅድሚ እግዚኣብሄር ኣምጽኦ።
490,ነቲ ዝራብዕን ድዑልን ድማ ምእንቲ ህዝቢ መስዋእቲ ምስጋና ዝነበረ ሐረዶ። ደቂ ኣሮን ከኣ ነቲ ደም ኣምጽኡሉ፡ ንሱ ድማ ኣብ ልዕሊ መሰውኢ ኣብ ዙርያኡ ነጸጎ።,ንሱ ድማ ነቲ ብዕራይን ድዑልን ንመስዋእቲ ምስጋና ህዝቢ ዚኸውን መስዋእቲ ምስጋና
491,ሰብ ካብቲ እግዚኣብሄር፥ ኣይትግበርዎ፡ ኢሉ ዝአዘዞ ዂሉ ሓደ ብምግባሩ እንተ ሐጥኤ፡ ከይፈለጠ እኳ ኽነሱ በዳሊ እዩ እሞ፡ በደሉ ይጸውር።,ሰብ፡ ሓደ ብምግባሩ ኻብቲ እግዚኣብሄር፥ ኣይትግበርዎ፡ ኢሉ ዝኣዘዞ ኹሉ እንተ ገበረ፡ 
492,ኰነ ኸኣ፡ ሓንቲ መዓልቲ ዕዮኡ ኺገብር ናብ ቤት አተወ፡ ኣብኣ ኣብታ ቤት ድማ ካብ ሰብ ቤት ገለ ሰብ ኣይነበረን።,በታ ጊዜ እዚኣ ድማ ንሱ ግና ዕዮኡ ኺዐዪ ናብታ ቤት ኣተወ፡ ኣብ ቤትውን 
493,እያሱ ኸኣ ከምቲ ሙሴ ዝበሎ ገበረ፡ ምስ ኣማሌቅ ከኣ ተዋግኤ። ሙሴን ኣሮንን ሁርን ድማ ናብ ርእሲ እቲ ዅርባ ደየቡ።,ኣሮን ድማ ከምቲ ሙሴ ዝበሎ ገበረ፡ ምስ ኣማሌቅ ተዋጊኡ፡ ሙሴን ኣሮንን ሁርን ድ
494,ሩዝ,ሩዝ
495,እንሆ፡ ንሕና ኣብ ማእከል ግራት እንዳእቲ ንኣስር ነበርና። እንሆ ኸኣ፡ እንዳእተይ ተንሲኣ ትኽ በለት። እንሆ ድማ፡ እንዳእትኹም ንእንዳእተይ ከቢበን ሰገዳላ፡ በሎም።, እንሆ ድማ፡ ኣብ መሮር ኣባጊዕ ቈራርጻ ሐለፍና፡ እንሆ ኸኣ፡ እታ ድቤላ 
496,እግዚኣብሄር ድማ ንኣሮን በሎ፡ ኣብ ምድሮም ርስቲ ኣይሀሉኻ፡ ኣብ ማእከሎም ከኣ ግደ ኣይሀሉኻ፡ ኣብ ማእከል ደቂ እስራኤል ግዴኻን ርስትኻን ኣነ እየ።,እግዚኣብሄር ድማ ንኣሮን፥ ኣብ ምድርኦም ርስቲ ኣይትወርሳ፡ ርስትኻውን ኣብ ማእከ
497,ድማ ብምዉት ሰብ ዝረኸሱ፡ በታ መዓልቲ እቲኣ ፋስጋ ኼብዕሉ ዘይከአሉ ሰባት ነበሩ፡ ንሳቶም ከኣ በታ መዓልቲ እቲኣ ኣብ ቅድሚ ሙሴን ኣብ ቅድሚ ኣሮንን ቀረቡ።,ካብ ሞት ሰብ በቲ መዓልቲ ፋስጋ ኸይሕልዉ ኣይከኣሉን፡ በታ መዓልቲ እቲኣ ኸ
498,እዚ ሓወልቲ ገይረ ኣቝመዮ ዘሎኹ እምኒ ኸኣ ቤት ኣምላኽ ኪኸውን እዩ። ካብ እትህበኒ ዘበለ ዅሉ ድማ ዕሽር ክህበካ እየ።,ኲሉ እቲ እትህበኒ ንእግዚኣብሄር እተሰርዔ እምኒ እዚ ኽንድልቲ እግርን እትሰቲ ኽ
499,እቲ ታቦት ብእኡ ምእንቲ ኺጽወርሲ፡ ነቲ መሰላታት ናብቲ ኣብ ጎቦታት ታቦት ዘሎ ቐላብቲ ኣእትዎ።,ነቲ ታቦት ክትጽወር፡ ነቲ መሰላታት ኣብቲ ኣብ ጎቦታት ታቦት ዘሎ ቐላብቲ ገይሩ 
500,ተመሊስኩም ከኣ ኣብ ቅድሚ እግዚኣብሄር በኼኹም፡ እግዚኣብሄር ግና ድምጽኹም ኣይሰምዔን፡ እዝኑ ኸኣ ጽን ኣይበለኩምን።,ናብ እግዚኣብሄር ተመሊስካ ኸኣ ዓው ኢልካ ኣብ ቅድሚ እግዚኣብሄር ጨርሔ። እግ
501,እታ ቦታ እቲኣ፡ ብዛዕባ እቲ ደቂ እስራኤል ካብኣ ዝቘረጽዎ ኣስካል፡ ለሰ ኤሽኮል ተባህለት።,ደቂ እስራኤል ካብኡ ዝሰተቕዎ ኸኣ እቲ ኣብኣ ዝገበርዎ ሰፈር፡ ምእንቲ ኼውርደሉ
502,ካብኡ ድማ ናብ ቤዔር ተጓዕዙ፡ እቲ እግዚኣብሄር ብዛዕባኡ ንሙሴ፡ ነቲ ህዝቢ ኣክቦ ኣነውን ማይ ክህቦም እየ፡ ዝበሎ ዔላ ንሱ እዩ።,ካብኡ ድማ ናብ ብኤር ተጓዕዙ። እቲ ዔላ እቲ እግዚኣብሄር ንሙሴ፡ ነታ ህ
503,ኣባኻትኩም ጥበበኛ ልቢ ዘለዎም ኵላቶም ይምጽኡ፡ እግዚኣብሄር ዝኣዘዞ ዅሉ ድማ ይግበሩ።,ካባኻትኩም ድማ ጥበብ ልቢ ዘለዎ ሰብኣይ ይእቶ፡ እግዚኣብሄር ዝኣዘዞ ዅሉ ኺ
504,ነዞም ክትወርሶም እትኸዶም ዘሎኻ ህዝብታት እግዚኣብሄር ኣምላኽካ ኻብ ቅድሜካ ምስ ኣጥፍኦም፡ ንስኻ ኸኣ ንኣታቶም ወሪስካ ኣብ ምድሮም ምስ ተቐመጥካ፡,እግዚኣብሄር ኣምላኽካ ነቶም ክትርስተዮም እትአትዋ ዘሎኻ ህዝብታት ካብ ቅድሜኻ እተ
505,ንእኡ ድማ ሾብዓተ ቕልዒ ቐንዴል ስርሓሉ። እቲ ቕልዒ ቐንዴል ከኣ ንቕድሚት ኣቢሉ ከም ዜብርህ ኣብ ልዕሊኡ ይነበር፡,ሾብዓተ ቐነዱ ግበረሉ፡ እቲ ቐነዱ ኸኣ ናብቲ ቅድሚት እቲ ቦታ ብነዊ
506,ኣብ ዙርያኤን ቀጽሪ ኣብ ዜብለን ዓድታት ዘለዋ ኣባይቲ ግና ምስ ግራውቲ ሃገር ይተሐሰባ፡ በጃ ይውሀበን፡ ብዓመት እልልታ ድማ ሓራ ይውጽኣ።,በቲ ኣብ ዙርያኦም ስፍራ ኸብዱ ዘሎ ኣባይቲ እታ ሃገር ዘላ ቤት ማያት ግና ምስ መሮር እ
507,ቀቅድሜኻ ድማ መልኣኽ ክሰድድ እየ እሞ ንኸነኣናውያንን ንኣሞራውያንን ንሔታውያንን ንፈረዛውያንን ንሃዋውያንን ንይቡሳውያንን ክሰጎም እየ።,ንኸነኣናውያንን ኣሞራውያንን ሔታውያንን ፈረዛውያንን ሃዋውያንን ይቡሳውያንን ከደየብካ እየ፡ 
508,ንኣኻን ብድሕሬኻን ድማ ንደቅኻን ኺጽብቐልካ፡ ኣብታ እግዚኣብሄር ኣምላኽካ ንሓዋሩ ዚህበካ ምድሪ ኸኣ መዓልትታትካ ምእንቲ ኺነውሕ፡ እቲ ኣነ ሎሚ ዝእዝዘካ ዘሎኹ ሕጋጋቱን ትእዛዛቱን ሐሉ።,እዚ ኣነ ሎሚ ዝእዝዘካ ዘሎኹ እምብዛ ንኣኻ፡ ነንወደካ ድማ፡ ብድሕሬኻ ድማ
509,ኣብቲ ሓደ እተጋጠመ፡ ኣብ ጥርዚ እቲ ወሰናይ ዓለባ ሓምሳ መኸንትቦ ግበር። ኣብቲ ኻልኣይ እተጋጠመ ድማ ኣብ ጥርዚ እቲ ወሰናይ ዓለባ ሓምሳ መኸንትቦ ግበር።,እቲ ኣብቲ እግሪ እቲ ወሰናይ ዓለባ ብሸነኽ እቲ ወሰናይ ዓለባ ሓምሳ መኸንትቦ ግበር
510,ሙሴ ኸኣ ሓሙኡ ኪቕበል ወጸ፡ ሰገደሉ ሰዓሞ ድማ። ናይ ድሓን ምህላዎም ንሓድሕዶም ተሓታተቱ፡ ናብ ድንኳን ከኣ ኣተዉ።,ሙሴ ድማ ንሓሙኡ ኺቕበለ ናብ ወጻኢ ድንኳን ወጸ፡ ሰገደ ኸኣ፡ ቃለለ ድ
511,ዓሰርተ ሲቃል ዝሚዛኑ ጽዋእ ወርቂ፡ ዕጣን ዝመልኤ፡,ዓሰርተ ሲቃል ዝሚዛኑ ሓደ ጽዋእ ወርቂ፡ ዕጣን ዝመልኤ፡ ዕጣን ዝመልኤ፡
512,ነቲ ቘልዓ ዓብዪ ህዝቢ ኽገብሮ እየ እሞ፡ ተንስኢ፡ ኣልዒልኪ ብኢድኪ ደግፍዮ፡ በላ።,ከም ዓብዪ ህዝቢ እዩ እሞ፡ ኣነ ኸኣ ዓብዪ ህዝቢ ኽገብር እየ እሞ፡ ነዚ ቘልዓ ተ
513,ያእቆብ ድማ ነቦኡን ነዲኡን ሰሚዑ ናብ ጳዳን-ኣራም ከም ዝኸደ፡ ምስ ረአየ፡,ንያእቆብ ከኣ ነቦኡን ነዲኡን ሐደገ፡ ናብ ጳዳን-ኣራም ከኣ ከይዱ ኸደ።
514,ሞኣብ ከኣ ንዓበይቲ ሚድያን፡ ብዕራይ ሳዕሪ መሮር ከም ዚበልዕ፡ ሕጂ እዚ ኣኼባ እዚ፡ ኣብ ዙርያና ንዘሎ ንዅሉ ኸምኡ ኺበልዖ እዩ፡ በሎም። በቲ ዘበን እቲ ድማ ባላቅ ወዲ ጺጶር፡ ንጉስ ሞኣብ ነበረ።,ሞኣብ ድማ ነቶም ዓበይቲ ሚድያን በሎም፡ እዚ ምብዛሑና እዚ ምብዛሑና በዅሪ ኸ
515,እቶም ንደቂ እስራኤል ካብ ግብጺ ኼውጽእዎም፡ ምስ ፈርኦን ንጉስ ግብጺ እተዛረቡ፡ እቲ ሙሴን እቲ ኣሮንን እዚኣቶም እዮም።,ንሳቶም ንደቂ እስራኤል ካብ ግብጺ ኼውጽኡ፡ ንፈርኦን ንጉስ ግብጺ እተዛረቡ፡
516,ወይ ከምቲ እግዚኣብሄር ኣምላኽኩም ምእንታኹም ኣብ ግብጺ ኣብ ቅድሚ ዓይንኹም ዝገበሮ፡ መጺኡ ብፈተናን ብትእምርትን ብተኣምራትን ብውግእን ብሓያል ኢድን ብዝርግሕቲ ቕልጽምን ብዓብዪ መፍርህን ካብ ማእከል ካልእ ህዝቢ ንእኡ ዚኸውን ህዝቢ ኺወስድ ዝፈተነ ኣምላኽዶ ኣሎ፧,ኣብ ግብጺ ኸምቲ እግዚኣብሄር ኣምላኽካ ኣብ ግብጺ ዝገበሮ ዅሉ ነገር ከምቲ እግዚኣብሄ
517,ነቲ እንጌራ ድማ ንመዘከርታ፡ መስዋእቲ ሓዊ ንእግዚኣብሄር ኪኸውንሲ፡ ኣብ ለልዕሊ እቲ መመስርዕ እንጌራ ጽሩይ ዕጣን ኣንብር።,ከም መዘከርታ፡ ንእግዚኣብሄር መስዋእቲ ሓዊ ብምዃኑ፡ ኣብ ልዕሊ እንጌራ ንመዘከርታ፡
518,ንሱ፡ ምስ እዚ ዅሉ ኣቓሑ እዚ፡ ብሓደ ታለንት ጽሩይ ወርቂ ይገበር።,ንእዚ ምስ ኲሉ እዚ ኣቓሑ እዚ ገበሮ ኻብ ጽሩይ ወርቂ ይኹን። እዚ ኻብ ጽሩይ
519,ሽዑ በልኩኹም፡ ኣይትረበጹን ኣይትፍርህዎምን፡,ሽዑ ድማ፡ ኣይትፍርሃዮም ኣይትፍርሃዮም፡ በልክዎ። ሽዑ በልኩኹም፡ ንኣታቶም ኣይት
520,እቶም ቈልዑ ኸኣ ኣብ ማሕጸና ይዳፋፍኡ ነበሩ። ሽዑ ንሳ፡ ከምዚ ኻብ ኰነ ደኣ፡ ንምንታይ እነብር አሎኹ፧ በለት። ንእግዚኣብሄር ክትሓትት ድማ ኸደት።,ንሳ ድማ፡ እዚ እንተ ዀይኑስ፡ ስለምንታይ ብህይወት እኔኹ፧ በኸየ፡ በልዋ። ምእንቲ እንተ
521,ነዚ ኼስተውዕልዎ፣ ነቲ ዳሕራዮም ድማ ኪሓስቡስ፣ ለባማት ደኣ እንተ ዚዀኑ።,ብጥበብ ዚብሉ ነገር ከይፈልጡ፡ ነቲ ዳሕሮም ክሳዕ ዚርእዩ፡ እንተ ፈትዩስ፡ ጥበበ
522,እቶም መኳንንቲ ኸኣ ነቶም ህዝቢ ወሲኾም ይዛረብዎም፡ ይበሉ ድማ፡ ፈራህ ሰብ ልቡ ዚጀጁ መን ኣሎ፧ ከምቲ ልቡ፡ ልቢ ኣሕዋቱ ከኣ ከይሽበርሲ፡ ይኺድ ናብ ቤቱውን ይመለስ።,እቶም መዕየይቲ ድማ ንህዝቢ ይዛረቡ፡ ንሱ ፍርሃትን ርሕብትን መን ኣሎ፧ ይኺድ
523,ኣምራም ከኣ ንዮካቤድ ኣሞኡ፡ ሰበይቱ ኽትኰኖ ወሰዳ እሞ ንኣሮንን ንሙሴን ወለደትሉ። ዓመታት ህይወት ኣምራም ድማ ሚእትን ሰላሳን ሾብዓተን ዓመት እዩ።,ሽዑ ኣምራም ንዮክብኤል ሓብቲ ኣቦኡ ሰበይቱ ኽትኰኖ ወሰደ፡ ንሳ ድማ 
524,በላዓም ድማ ተንሲኡ ኽደ፡ ናብ ቦታኡ ኸኣ ተመልሰ። ባላቅውን መገዱ ኸደ።,በላዓም ከኣ ተንሲኡ ከደ፡ ናብ ሰሰኑ ድማ ተመልሰ። ባላቅ ከኣ ድማ መገድኡ ኸ
525,ናይ እዚኣ ሰሙን መልእ እሞ ስለ እቲ ኸም ብሓድሽ ምሳይ ካልእ ሾብዓተ ዓመት እትግዝኦ መግዛእቲ፡ እቲኣ ድማ ንህበካ፡ በለ።,በታ እዚኣ እትነብርዋ ወርሒ እዚኣ ኣገልግል፡ እቲ ምሳይ እተገልግልገልካዮ ሌዋዊ ግዜ
526,ኣነ ናተይ ኣቦይ ክሪኦ ደልየ,ናተይ ኣቦይ ክሪኦ ደልየ
527,ነቲ ሓመዅስቱ ድማ ካብ መሰውኢ ይጕሐፍዎ፡ ቀይሕ ዓለባ ኸኣ ይዘርግሑሉ።,እቲ ሓመዅስቲ ኻብ መሰውኢ የውጽእዎ፡ ነቲ ጽሩይ ቀይሕ ልሕጺ እንጣጢዕ ድማ ኣብ
528,ብልብኻ ድማ፡ እቲ እግዚኣብሄር ዘይተዛረቦ ነገር ከመይ ጌርና ንፈልጦ፡ እንተ በልካ፡,ብልብኻውን ብትብልካ፡ እቲ እግዚኣብሄር ዘይዛረቦ ቓል ክንፈልጥ፡ እግዚኣብሄር ዘይዛረቦ 
529,ኣብ ከረጺትካ በበይኑ ሚዛን፡ ዓብይን ንእሽቶን፡ ኣይሀሉኻ።,ናይ ዓብይን ናይ ንእሽቶን ብዙሓት ማእከላት፡ ኣብ መዝገበካ ኣፍ ልቢ ዘለዎ ኣይት
530,ንእግዚኣብሄር ኣምላኽካ እተቐደሰ ህዝቢ ኢኻ እሞ፡ እግዚኣብሄር ድማ ንእኡ ፍሉይ ህዝቢ ኽትኰኖ ኣብ ልዕሊ ምድሪ ኻብ ዘለዉ ዅሎም ህዝብታት ንኣኻ ሐረየካ።,ንስኻ ንእግዚኣብሄር ኣምላኽካ ቅዱስ ህዝቢ ኢኻ እሞ፡ ንስኻ ንእግዚኣብሄር
531,ሴኬም ድማ ነቦኣን ነሕዋታን፥ ኣብ ቅድሚኹም ኰታ ምገስ እርከብ፡ ዝበልኩምኒ ኽህብ እየ።,ኬሴም ድማ ነቦኣን ነሕዋትን፡ ኣብ ዓይንኻ ሞገስ እንተ ደኣ ረኺበስ፡ እትብለኒ ዅ
532,ሽዑ ሓደ ጐበዝ ጐይዩ፡ ኤልዳድን ሜዳድን ኣብ ሰፈር ይንበዩ ኣለዉ፡ ኢሉ ንሙሴ ነገሮ።,ጐይዩ ድማ ወዲ ሓደ ሰብኣይ፡ ንሙሴ ነገሮ፡ ዔዳድን ሜዳድን ኣብ ሰፈር ንዝመጹ
533,እግዚኣብሄር ድማ ንሙሴ ኸምዚ ኢሉ ተዛረቦ፡,እግዚኣብሄር ድማ ንሙሴ ኸምዚ ኢሉ ተዛረቦ፡
534,ኣቦኽን ደኣ ዓስበይ ዓሰርተ ሳዕ እናለዋወጠ ኣታለለኒ፡ እግዚኣብሄር ግና ክፉእ ኪገብረኒ ኣይፈቐደሉን።,ኣቦኻ ድማ ጠለመኒ፡ ዕድመይ ዓሰርተ ሳዕ ገዘረ፡ ኣጋር ግና ኬጽንዓኒ ኣይ
535,ገላውኻ ግና ኲላቶም ንውግእ ኣጽዋር ዝሐዙ፡ ከምቲ ጐይታይ ዝበሎ፡ ኣብ ቅድሚ እግዚኣብሄር ኪዋግኡ ይሳገሩ፡ ኢሎም ተዛረብዎ።,ኣነ ግና፡ ጐይታይ፡ ንቓል ውግእ ዚቐውም ኲሉ ሰብ ኣብ ቅድሚ እግዚኣብሄር
536,ናብ ቤት ሓለቓ ዘብዔኛታት ኪሕለዉ፡ ናብታ ዮሴፍ ተኣሲሩላ ዝነበረ ቦታ፡ ናብ ቤት ማእሰርቲ ኣእተዎም።,ኣብ ቤት ሓለቓ ዘብዔኛታት፡ ኣብ ቤት ሓለቓ ቤት ፈራዲ፡ ናብታ ንዮሴፍ ዝእሰረትላ
537,ኲሎም ደቂ እስራኤል ድማ ኣብ ሙሴን ኣብ ኣሮንን ኣጕረምረሙ፡ ብዘሎ እቲ ኣኼባ ኸኣ በሎም፡ ኣብ ምድሪ ግብጺ ኸም ሞትና ወይ ኣብዚ በረኻ እዚ ኸም ሞትና መን ምሀበና።,ኵሎም ደቂ እስራኤል ድማ ኣብ ልዕሊ ሙሴን ኣሮንን ኣጕረምረሙሉ። እቲ ብዘሎ እቲ ኣ
538,ኣብቲ ሰደቓ ድማ ወርትግ እንጌራ ምርኣይ ኣብ ቅድመይ ተንብር።,ሓለፋ ዘበንቲ ምሳኻ ኣብ ቅድመይ እንጌራ ቅድሚኒ ኣብ ሳዕሪ መሰውኢ ጌርካ፡
539,ንሳ ኾፍ ዝበለቶ ዂሉ ነገር ዝተንከየ ዘበለ ድማ ክዳውንቱ ይሕጸብ፡ ብማይ ከኣ ይተሐጸብ፡ ክሳዕ ምሸትውን ርኹስ ይኹን።,እትድቅሶ ዘበለ ነገር ዝዀነ ይሕጸብ፡ ክዳውንቱ ይሕጸብ፡ ብማይ ከኣ ይተሐጸብ፡ ክሳዕ 
540,ነቲ ኣልባሳት ወሲድካ ድማ፡ ንኣሮን ቀምሽ ታሕትን ናይ ኤፎድ ቀምሽ ላዕልን፡ ኤፎድ ሳንቃ ኣፍ ልብን ክደኖ። በቲ ብብልሓት እተገበረ ቅናት ኤፎድ ጌርካ ኸኣ ኣዕጥቆ።,ነታ ኣልባስ ድማ ወሲድካ ንኣሮን፡ እቲ ቐምሽ፡ እቲ ቐምሽ ኤፎድን ሳንቃ ኣፍ 
541,ኣብታ ማሕበር ንኣኻትኩምን ነቲ ምሳኻትኩም ዚነብር ጓናን ሓደ ሕጊ ይኹን። እዚ ንውሉድ ወለዶኹም ሕጊ ዘለኣለም ይኹን፡ ኣብ ቅድሚ እግዚኣብሄር እቲ ጓና ኸማኻትኩም ይኹን።,ኣብ መዓልቲ ማሕበር ድማ ንኣኻትኩምን ነቲ ምሳኻትኩም ዚነብር ጓናን ሕጊ ዘለኣለም
542,ግናኸ ነታ እግዚኣብሄር ኣምላኽኩም ካብ ኵሎም ነገዳትኩም ስሙ ኼንብረላ ዝሐረያ ቦታ፡ ነዛ ማሕደሩ ድለዩ፡ ናብኣውን ምጻእ።,እግዚኣብሄር ኣምላኽካ፡ ምእንቲ ስሙ ኣብኣ ምእንቲ ኺብሉ ኣብ ዝሐረያ ቦታ ደ
543,ንሱ ኼተዐርቕ ናብ መቕደስ ምስ ዚኣቱ፡ ክሳዕ ዚወጽእ፡ ንርእሱን ንቤቱን ንብዘላ ማሕበር ደቂ እስራኤልን ክሳዕ ዜተዐርቕ፡ ገለ ሰብ ኣብ ድንኳን ምርኻብ ኣይኹን።,ኣብ መቕደስ ኪዕረቕ ምስ ኣተወ፡ ናብቲ ቅዱስተ ቦታ ንምትዕራቕ ምስ ወጸ፡ ንርእሱ
544,ድማ እቲ ናይ ብልዒ መስዋእቶምን ናይ መስተ መስዋእቶምን ነቶም ዝራብዓትን ደዓውልን ገነሽልን፡ ከምቲ ቚጽሮም፡ ከምቲ እተሰርዔ፡,ድማ እቲ ናይ ብልዒ መስዋእቶምን ናይ መስተ መስዋእቶምን ነቶም ዝራብዓትን ደዓውልን ገንሸ
545,ሕጂ ኸኣ ንጐይታይ ሞገስን እምነትን ትገብሩሉ እንተ ዄንኩም፡ ንገሩኒ። እንተዘይኰነ ድማ፡ ንየማን ወይስ ንጸጋም ክምለስ፡ ንገሩኒ።,በጃኻ ምሳይ ጽቡቕን ቅኑዕን እንተ ገበርካኒ፡ ምሓለለይ፡ እንተ ዘይትብልኒ፡ ንጐይ
546,ንሱ ድማ ኣብ ቅድሚ እግዚኣብሄር የቕርቦ፡ የተዐርቃ ኸኣ፡ ካብ ዓይኒ ደማውን ትነጽህ። ሕጊ እታ ወዲ ወይ ጓል ዝወለደት እዚ እዩ።,ነዚ ናብ ቅድሚ እግዚኣብሄር ድማ የቕርብ፡ የተዐርቃ ድማ፡ ኣብ ቅድሚ እግዚኣብ
547,እቲ ኻህን ድማ ነቲ ኣብ ቈርበት ስጋኡ ዘሎ ቚስሊ ይርኤ፡ ኣብቲ ቚስሊ ዘላ ጸጒሪ እንተ ጻዕደወት፡ እቲ ቚስሊ ኸኣ ካብ ቈርበት ስጋኡ ጐድጒዱ እንተ ተራእየ፡ ቊስሊ ለምጺ እዩ። እቲ ኻህን ምስ ረአዮ፡ ርኹስ ምዃኑ ይንገር።,እቲ ኻህን ድማ ነቲ ቚስሊ ኣብ ቈርበት ስጋ ይርአዮ። እቲ ቚስሊ ድማ ብጫ 
548,ደቂ ኡዚኤልውን፡ ሚሻኤልን ኤልጻፋንን ሲትሪን።,ደቂ ዑዚኤል ድማ፡ ሚሻኤልን ኤልዛፋንን ሽጢርን ሱጺንን።
549,ካብ ቤቱ ምስ ወጸት ድማ፡ ከይዳ ሰበይቲ ኻልእ ሰብኣይ እንተ ዀነት፡,ካብ ቤቱ ምስ ፈለጣ፡ ካብ ቤቱ ምስ ዚወጽእ፡ ናብ ካልእ ሰብኣይ ሰበይቲ ትኹን።
550,ገና ኸይደቀሱ ኸለዉ ድማ፡ ሰብ እታ ኸተማ፡ ሰብ ሶዶም፡ ኣጒባዝን ኣረገውትን፡ ብዘሎ እቲ ህዝቢ ኻብ ኲሉ ሸነኽ መጺኡ፡ ነታ ቤት ከበባ።,ሰብ እታ ኸተማ ገና ኸይሰድዱ፡ እቶም ሰብ እታ ኸተማ ንዘለዉ ሰብ ካብ ኵሉ ፈረ
551,እግዚኣብሄር ኣምላኽካ፡ ንሱ ቐቅድሜኻ ኺሳገር እዩ እሞ፡ ንሱ ነዞም ህዝብታት እዚኣቶም ካብ ቅድሜኻ ኼጥፍኦም እዩ። ንስኻውን ክትወርሶም ኢካ፡ ከምቲ እግዚኣብሄር ዝበሎ ኸኣ፡ እያሱ፡ ንሱ ቐቅድሜኻ ኺሳገር እዩ።,ንሱ ኸኣ ኣብ ቅድሜኻ ኪሐልፍ እዩ፡ ነዞም ህዝብታት እዚኦም ካብ ቅድሜኻ
552,እቶም ካብ ነገድ ዛብሎን እተቘጽሩ፡ ሓምሳን ሾብዓተን ሽሕን ኣርባዕተ ሚእትን ኰኑ።,ካብ ነገድ ዛብሎን እተቘጽሩ፡ ቊጹራቶም ሓምሳን ሾብዓተን ሽሕን ኣርባዕተ ሚእትን
553,ወይኖም ሕንዚ ገበል ዝበርትዔ ሕንዚ መንደላይ ተመን ከኣ እዩ።,እቲ ናይ ሱ መስተ ኸኣ መርገም ብርቱዕ፡ መርገም ናይ ኣጣል፡ ናይ ናይ ፍረ 
554,ነተን ግዙኣትን ንደቀንን ቅድሚት፡ ልያን ደቃን ድማ ደድሕሪኤን፡ ራሄልን ዮሴፍን ከኣ ድሕሪት ገበሮም።,ንሳ ኸኣ ነተን ግዙኣትን ደቀን ቀቅድሚኦም ገበረለን፡ ልያ ምስ ደቀን ከኣ ብሸነኽ
555,ያእቆብ ድማ፡ ኣይፋልካን፡ ካብ ኣሐጐስካንስ፡ ንገጽካ ኸኣ ገጽ ኣምላኽ ከም ዝርኢ ርእየያ እየ እሞ፡ ኣብ ቅድሜካ ሞገስ እንተ ደኣ ረኺበስ፡ በጃኻ፡ ገጽ በረኸተይ ካብ ኢደይ ተቐበል።,ኣያእቆብ ድማ፡ ኣይትሕሸን በጃኻ፡ ኣብ ዓይንኻ ጸጋ እንተ ረኺበስ፡ እምበኣርሲ፡ ገ
556,ንደቂ ሌዊ በብማይ ቤት ኣቦታቶምን በብዓሌቶምን ቊጸሮም። ካብ ወዲ ወርሒ ንላዕሊ ዘሎ ዅሉ ተባዕታይ ቊጸሮም።,ደቂ ሌዊ በብማይ ቤት ኣቦታቶም፡ በብዓሌቶም፡ ቊጸርዎም። ካብ ወዲ ወርሒ ንላዕሊ
557,ካልእ ሕልሚ ድማ ሐለመ፡ ነሕዋቱ ኸኣ ነገሮም፡ እንሆ፡ ካልእ ሕልሚ ሐለምኩ፡ እንሆ ድማ፡ ጸሓይን ወርሕን ዓሰርተው ሓደ ከዋኽብትን ሰገዱለይ፡ በለ።,ድማ መሊሱ ኸኣ ካልእ ሕልሚ ሐለመ፡ ነሕዋቱ ድማ ነገሮም፡ እንሆ፡ መሊሰ ሕልሚ ሐ
558,ምስ ዘይቲ ኣብ መቕሎ ይሰንከት። ምስ ተቘምጥዔ ኸኣ ኣምጽኣዮ። ንእግዚኣብሄር፡ ንጥዑም ጨና ብሱል ቈረርስ ጌርካ፡ መስዋእቲ ብልዒ ኣቕርበሉ።,ኣብ ሓደ ድኹም ሓርጭ ብዘይቲ እተገብረ ይግበር፡ ብዘይቲ እተቘምጥዔ ኣብ ሓዊ ኽትገብሮ ኢኻ
559,ኣብ ልዕሊ ሰራዊት ነገድ ደቂ ስምኦን ከኣ ሸሉሚኤል ወዲ ጹሪሻዳይ ነበረ።,ኣብ ልዕሊ ሰራዊት ነገድ ደቂ ስምኦን ከኣ ሸሉሚኤል ወዲ ጹሪሻዳይ ነበረ።
560,ሰላሳ እተጥቡ ገመል መምስ ውላደን፡ ኣርብዓ ላምን ዓሰርተ ኣርሓን፡ ዕስራ ኣድግን ዓስርተ ዒሉን፡,ሰላሳ ጤለበጊዕን ኣእዱግን ዓሰርተው ክልተ ዝራብዕን ዓሰርተው ኣርባዕተ ዝራብዕን ዓሰርተው 
561,ሽዑ እቲ መስዋእቱ ንእግዚኣብሄር ዜቕርብ ንመስዋእቲ ብልዒ ዓስራይ ኣፍ ኤፋ ድኹም ሓርጭ፡ ብርብዒ ሂን ዘይቲ እተቘምጥዔ፡ የቕርብ።,እቲ መስዋእቲ መስዋእቱ ዚስውእ፡ ንእግዚኣብሄር ንመስዋእቲ ብልዒ ካብ ዓስራይ ኣ
562,ምኽሪ ዝጠፍኦም ህዝቢ እዮም እሞ፣ ምስትውዓል ከኣ የብሎምን።,ንሳቶም ህዝቢ መደምስስ ዜብሉ እዩም እሞ፣ ፍልጠት የብሉን፡ ምፍልጠት ከኣ የ
563,ሕጂ ኸኣ እግዚኣብሄር መሊሱ ዚብለኒ ኽፈልጥ ንስኻትኩም በዛ ለይቲ እዚኣ ድማ ኣብዚ ተቐመጡ።,እግዚኣብሄር ደጊም ዚዛረበኒ ኺፈልጥ፡ ኣነ ኽፈልጥ፡ ምእንቲ ኽፈልጥ፡ ሎሚ ድ
564,እግዚኣብሄር ከኣ ንሙሴ ኸምዚ ኢሉ ተዛረቦ፡,እግዚኣብሄር ድማ ንሙሴ ኸምዚ ኢሉ ተዛረቦ፡
565,ሰብዓን ክልተን ሽሕ ላም፡,ሰብዓን ክልተን ሽሕን ኣሓን ኣድጊ ኸኣ፡ ሰብዓን ክልተን ሽሕን ኣባጊዕ ኣብዑር
566,ኣዳም ዝነበሮ ዅሉ ዕድሜኡ ትሽዓተ ሚእትን ሰላሳን ዓመት ኰነ። ሞተ ኸኣ።,ዕድመ ኣዳም ዝነበሮ ዅሉ ዕድመ ድማ ትሽዓተ ሚእትን ሰላሳን ዓመት ኰነ። 
567,በለ ድማ፡ ጐይታይ፡ ኣብ ቅድሜኻ ሞጎስ እንተ ደኣ ረኺበስ፡ በጃኻ፡ ንባርያኻ ኣይትሕለፈኒ።,ጐይታይ፡ ጐይታይ፡ ሕጂ ኣብ ቅድሜኻ ሞገስ እንተ ረኺበስ፡ ኣብ ግዳምካ ጸጋ እንተ ደ
568,ብዛዕባ ኣቦኡን ኣዲኡን፣ ኣይርኤኽዎምን፣ ዝበለ፣ ነሕዋቱ ኣየለለዮምን፣ ንደቁ ኸኣ ኣይፈለጦምን። ቃልካ ሐልዮም እዮም እሞ፣ ኪዳንካ ኣጽንዑ።,ነቲ፡ ካብ ኣቦኡን ካብ ኣዲኡን፡ ኣየርእየዮን እየ፡ ካብ ኣቦኡን ካብ ኣዲኡን
569,ኣምላኽ ድማ ንበላዓም፡ ምሳታቶም ኣይትኺድ፡ ምሩቕ እዩ እሞ፡ ነቲ ህዝቢ እቲ ኣይትርገሞ፡ በሎ።,ንበላዓም፡ ኣምላኽ ከኣ ንበላዓም፡ ምስኦም ኣይትኸይድ፡ ምስቲ ህዝቢ ባሪኹ እዩ እሞ፡
570,ነቲ ሓሙሽተ ዓለባ ንበይኑ፡ ነቲ ሹዱሽተ ዓለባ ኸኣ ንበይኑ ኣጋጠሞ።,ንሓሙሽተ ዓለባታት ብሓደ ገበሮ፡ ሹድሽተ ዓለባታት ብሓደ ገበሮ።
571,ሽዑ ኣነ ናብቲ ሰብኣይ እትን ናብ ቤተ ሰቡን ገጸይ ክመልስ እየ፡ ንእኡን ነቶም ምስ ሞሎኽ ኪምንዝሩ ብምንዝርና ዚስዕብዎ ዂሎም ድማ ካብ መንጎ ህዝቦም ክምንቊሶም እየ።,ሽዑ ኸኣ ገጸይ ናብቲ ሰብኣይን ናብ ዓሌቱን ገጸይ ናብቲ ሰብኣይን ናብ
572,ኰነ ድማ፡ ካብቶም ህዝቢ በታ ሳብዐይቲ መዓልቲ ኺእክቡ ወጹ፡ ኣይረኸቡን ከኣ።,ኰነ ኸኣ፡ ኣብ ሳብዐይቲ መዓልቲ ኻብ እቶም ህዝቢ ኺእክብ ኪወጹ ወጺኦም፡
573,ቃየል ከኣ ንሰበይቱ ፈለጣ፡ እሞ ጠነሰት፡ ንሄኖክ ድማ ወለደት። ንሱ ኸኣ ከተማ ሰርሔ፡ ስም እታ ኸተማ ድማ ብስም ወዱ ሄኖክ ኣውጽኣላ።,ቃየል ከኣ ሰበይቱ ፈለጣ። ንሳ ድማ ጠነሰት፡ ወዲውን ወለደት። ንሱ ኸኣ ኸ
574,ንመስዋእቲ መስተ ድማ፡ መስዋእቲ ሓዊ ንእግዚኣብሄር ንጥዑም ጨና ፈረቓ ሂን ወይኒ ኣቕርብ።,ንመስዋእቲ መስተ ኸኣ ንእግዚኣብሄር ንጥዑም ጨና ሂን ወይኒ ንመስዋእቲ ሓ
575,ኣብታ ሳብዐይቲ ወርሒ ኣብ መበል ዓሰርተው ሓሙሽተ መዓልቲ ቅዱስ ኣኼባ ይኹነልኩም፡ ገለ ዕዮ ኣገልግሎት ኣይትዕየዩ፡ ሾብዓተ መዓልቲ ንእግዚኣብሄር በዓል ኣብዕሉ።,ኣብ መበል ዓሰርተው ሓሙሽተ መዓልቲ፡ ካብዛ ሳብዐይቲ ወርሒ፡ ኣብ መበል ዓሰርተው ሓሙሽ
576,ስለ እቲ ናብ ከተማ መዕቈቢቱ ዝሀደመ፡ ሊቀ ኻህናት ከይሞተ ምእንቲ ናብ ዓዱ ኺምለስ ኢልኩም፡ ጋር ኣይትቀበሉ።,ናብታ ኸተማ መዕቈቢቱ ኽሳዕ ዚመውት ፋሕ ምእንቲ ኺነብር፡ ናብታ ሃገር ም
577,ሽዑ እቲ ጐይታኡ ናብ ቅድሚ ኣምላኽ የቕርቦ እሞ፡ ኣብ ማዕጾ ወይ ኣብ ልዳት ኣቕርቦ፡ እቲ ጐይታኡ እዝኑ ብመስፈ የንኵሎ፡ ንሓዋሩ ኸኣ ይግዝኣዮ።,ሽዑ ጐይታኡ ናብ ኣምላኽ የምጽኣዮ፡ ናብ ኣፍ ደገ ወይ ናብ ኣፍ ደገ ምድርቦ 
578,ነታ ሃገር ኪሐድግዋ እዮም እሞ፡ ንሳቶም ከየለዉ ዖንያ ኸላ ብሰናብታ ባህ ይብላ፡ ንሳቶም ከኣ ፍርድታተይ ስለ ዘቃለሉን፡ ነፍሳቶም ከኣ ሕጋጋተይ ስለ ዝፈንፈና፡ ቅጽዓት ሓጢኣቶም ይቕበሉ።,ፍርድታተይ ኣቤሎም፡ ነፍሶም ከኣ ሕጋጋተይ ኣፍራህዎም እዮም እሞ፡ ምእንቲ ኺፈ
579,ነታ ሓንቲ ዑፍ ድማ ኣብ ልዕሊ ፈልፋሊ ማይ፡ ኣብ ኣቕሓ መሬት ይሕረዳ።,ነንኣዕዋፍ ሓንቲኤን ዑፌታት ኣብ ኣቕሓ መሬት ኣብ ልዕሊ ፈልፋሊ ማይ ከኣ ይሕረ
580,እቶም ሰባት እቲኦም ድማ፡ ንሕና ብምዉት ሰብ ረኺስና ኢና እሞ፡ በታ ምድብቲ ጊዜ መባእ እግዚኣብሄር ኣብ መንጎ እስራኤል ከይነቕርብ እተኸልከልና ስለምንታይ እዩ⋮ በልዎ።,እቶም ሰባት እቲኦም ከኣ፡ ሰብ ብምዉት ምዉት እንተ ንመውት፡ ንሕና ርኹስ ኢና፡ ስለምንታይ
581,እግዚኣብሄር ከኣ በለኒ፡ ንእኡን ንብዘሎ ህዝቡን ንሃገሩን ኣብ ኢድካ ሂበካ ኣሎኹ እሞ፡ ኣይትፍርሃዮ። ከምቲ ኣብ ሔስቦን ንዝነበረ ሲሆን ንጉስ ኣሞራውያን ዝገበርካዮ፡ ንእኡ ድማ ከምኡ ኽትገብሮ ኢኻ።,እግዚኣብሄር ድማ፡ ንእኡን ንዂሉ ህዝቡን ምድሩን ኣብ ኢድካ ኣሕሊፈ ኣሕሊፈ
582,ነቲ ዝራብዕን ቈርበቱን ስጋኡን ፈርሱን፡ ከምቲ እግዚኣብሄር ንሙሴ ዝኣዘዞ፡ ኣብ ወጻኢ ሰፈር ብሓዊ ኣንደዶ።,ስጋኡን ቈርበቱን ስጋኡን ፈርሱን ድማ ከምቲ እግዚኣብሄር ንሙሴ ዝኣዘዞ፡ ኣብ
583,ንሌዋውያን ድማ ኣብ ቅድሚ ኣሮንን ኣብ ቅድሚ ደቁን ኣቚሞም እሞ ንእግዚኣብሄር ዚውዝወዝ መስዋእቲ ጌርካ ወዝውዞም።,ንሌዋውያን ድማ ኣብ ቅድሚ ኣሮንን ኣብ ቅድሚ ደቁን ኣንቢርካ ደው የብሎ፡ ከም ዚ
584,ካባኻትኩም ንእግዚኣብሄር ህያብ ውሰዱ። ነፍሲ ወከፍ ፍታው ልቢ ዘለዎ ንእግዚኣብሄር ህያብ የምጽእ፡ ወርቅን ብሩርን ኣስራዝን፡,ካብ ማእከልካ ንእግዚኣብሄር መስዋእቲ ውሰዱ። ነፍሲ ወከፍ ህያብ ልቢ ዘለዎ 
585,ሰማያውን ሕብሪ ደምን ጽሩይ ቀይሕን ጻዕዳ ፈትልን፡ ጸጉሪ ጤልን ድማ፡,ሰማያውን ሕብሪ ደምን ጽሩይ ቀይሕን ልሕጺ እንጣጢዕን ልሕጺ እንጣጢዕን ልሕጺ እን
586,ምሸት ምስ ኰነ ድማ ልያ ጓሉ ወሲዱ፡ ናብኡ ኣእተዋ፡ ንሱ ኸኣ ናብኣ ኣተወ።,ብጊሓት ድማ ዀነ፡ ንጓሉ ልያ፡ ጓሉ ልያ፡ ወሲዱ ናብኡ ኣምጽኣላ፡ 
587,ኣብ ምድሪ ግብጺ ባርያ ኸም ዝነበርካ ዘክር፡ ስለዚ ነዚ ነገር እዚ ኽትገብሮ እእዝዘካ ኣሎኹ።,ንስኻ ድማ ኣብ ምድሪ ግብጺ ባርያ ኸም ዝነበርካ ዘክር እሞ፡ እዚ ነገር እዚ ኽትገብር 
588,ነዞም ሰባት እዚኦም፡ ናብ ዘረባ ሓሶት ከየቕልቡ፡ ዕዮ ይኽበዶም፡ ንእኡ ድማ ይዕየዩ።,ሕጂ ኸኣ ገለ ዕዮ ዚዐዩ ሰብ ኣብ ዚሕልውዎ ይጹሩ፡ ገለ ድማ ብዛዕባ ሐሰ
589,ስለምንታይሲ ሓብተይ እያ፡ በልካ፧ ሰበይተይ ክትከውን ምወሰድክዋ ነይረ። ሕጂ ኸኣ እንሃትልካ፡ ሰበይትኻ ሒዝካ ኺድ፡ በሎ።,ሰበይተይ ክትከውን ሰበይተይ ኪዀናኸንስ፡ ንሳ ሓብተይ እያ፡ ትብሀልካ ስለምንታይከ፡ ሰበ
590,እቲ እተቐብኤ ኻህን ድማ ካብ ደም ዝራብዕ ናብ ድንኳን ምርኻብ የምጽእ፡,ነቲ እተቐብኤ ኻህን ድማ ካብ ደም እቲ ዝራብዕ ናብ ድንኳን ምርኻብ የምጽእ።
591,እቲ ጀጋል እተወጥሓሉ ዘበለ ዀረሻ ኸኣ ርኹስ ይኹን።,እቲ ጀጋል ዚውሕጥ ዘለዎ ሰብ ዝወጸ ዅሉ በትሪ ዝኸደ፡ ርኹስ ይኹን።
592,ካብ ኣስራዚ ኸም መንፊት ዝበለ መጋረዲ ግበረሉ፡ ነቲ መንፊት ከኣ ኣብ ኣርባዕተ መኣዝኑ ኣርባዕተ ቐለቤት ኣስራዚ ግበረሉ።,ናይቲ መጋረዲ ኸኣ ካብ ኣስራዚ ኣዛንግ ግበረሉ፡ ኣብቲ መንኩብ እቲ ኣዛንግ ከኣ ብኽ
593,እዞም ገላዉኻ ዅሎም ናባይ ኪወርዱ እዮም፡ ኣብ ቅድመይ ሰጊዶምለይ ድማ፡ ንስኻን እቲ ዚስዕበካ ዅሉ ህዝብን ውጻእ፡ ኪብሉ እዮም። ድሕርዚ ኽወጽእ እየ፡ በለ። ካብ ፈርኦን ከኣ ብቝጥዓ ተናዲዱ ወጸ።,እዞም ገላዉኻ እዚኣቶም ኲሎም ናባይ ይወድቁኒ፡ ምሳኻ ኸኣ ብሓዘን ኪሰጐጕሉኒ
594,ግናኸ መስዋእቲ ሓዊ፡ ዚሐርር መስዋእቲ ንእግዚኣብሄር ክልተ ዝራብዕ፡ ሓደ ድዑል፡ ሾብዓተ ገንሸል ዓመት ኣቕርቡ፡ ጐደሎ ዜብሎም ይኹኑልኩም።,ግናኸ፡ ንእግዚኣብሄር መስዋእቲ ሓዊ፡ ንዚሐርር መስዋእቲ፡ ንዚሐርር መስዋእ
595,ደሓንዶ ኣሎ፧ ከኣ በሎም። ደሓን ኣሎ፡ ራሄል ጓሉ እኳ እንሃ፡ ምስተን ኣባጊዕ ትመጽእ ኣላ፡ በሉ።,ንሱ ድማ፡ ምሳና እንታይ ደኣ ምዃኑ፧ በሎም። ንሳቶም ከኣ፡ ምሳይ እንታይ ደኣ ይብል፤
596,መሰውኢ ምሕራርን እቲ ናይ ኣስራዚ መጋረዲኡን መሰላታቱን ኵሉ ኣቓሑኡን፡ እቲ ገበራ ምስ ኣጋሮኡ፡,ንመሰውኢ ምሕራር፡ እቲ መጋረዲኡ ኣስራዚ፡ እቲ መሰላታቱን ኵሉ ኣቓሑኡን መጋረጃ
597,እግዚኣብሄር ኣምላኽ ድማ ንዅሉ ኣራዊት መሮርን ንዅለን ኣዕዋፍ ሰማይን ካብ ምድሪ ገበረ። እንታይ ከም ዚሰምየን ምእንቲ ኺርኢ ኸኣ ናብ ሰብ ኣምጽኤን። ነቲ ህያው ነፍሲ ዘለዎ ዅሉ፡ እቲ ሰብ ከም ዘውጽኣሉ፡ ስሙ ንሱ ዀነ።,ሳራ ድማ ነታ ንኣብርሃም ዝወለደትሉ ግብጻዊት፡ ንሱ ዘውጽኣላ ንኣብርሃም ከ
598,ዑጽ እቲ በዅሩ፡ ሓዉ ድማ ቡዝ፡ ቄሙኤል ከኣ ኣቦ ኣራም፡,ኡር ወዱ ዑዚ በዅሪኡ ቡሱ ወዱ ቄሜሉ፡ ሓሙኡ፡ ካብ ኣራም ኣቦ ኣራም፡ ኣቦ 
599,ሓንትስ፡ እዚ ኣነ ሎሚ ዝእዝዘካ ዘሎኹ ዅሉ ትእዛዝ ክትሕልዎን ክትገብሮን፡ ንቓል እግዚኣብሄር ኣምላኽካ ተጠንቂቕካ ደኣ ስምዓዮ እምበር፡,ኣነ ሎሚ ኣነ ዝእዝዘካ ኣነ ሎሚ ዝእዝዘካ ዘሎኹ ዅሉ ትእዛዛት ክትገብሮ ቓ
600,ኣብታ እግዚኣብሄር ንማሕደር ስሙ ዝሐረያ ቦታ ንእግዚኣብሄር ኣምላኽካ ኻብ ኣባጊዕካን ኣሓኻን ፋስጋ ሕረድ።,ኣብታ እግዚኣብሄር ንማሕደር ስሙ ዝሐረያ ቦታ፡ ካብ መጓሴታትን ኣሓን ኣብታ እግ
601,ነንሓደ ሉሕ ከክልተ ንሓድሕዱ እተጋጠመ ሸኻል ገበረ፡ ንዅሉ እቲ ኣልዋሕ ማሕደር ከምኡ ገበረ።,እ ሓደ ሉሕ ከክልተ ንሓድሕዱ እተጋጠመ ሸኻል ነበረ እሞ፡ ነቲ ሓደ ሉሕ ክልተ ን
602,እግዚኣብሄር ንጐይታይ ኣብዚሑ ባረኾን ኣዕበዮን፡ ኣባጊዕን ኣሓን ብሩርን ወርቅን፡ ገላዉን ኣግራድን ኣግማልን ኣእዱግን ከኣ ሂብዎ አሎ።,እግዚኣብሄር ኣምላኽ ጐይታይ ድማ ኣዝዩ ባሪኹ እዩ፡ ኣዝዩ ባሪኹ እዩ፡ ኣስታት
603,ጽግያትኣለኪ ዶ ,ጽግያትኣለኪ ዶ
604,ኣራዊት ዝሓዛ ኸኣ ኣብ ክንድኣ ባዕለይ ተካእኩልካ እምበር፡ ኣየምጻእኩልካን። መዓልቲ እተሰርቀትንን ለይቲ እተሰርቀትንን ድማ ካብ ኢደይ ትደልያ ነበርካ፡,ካብ ኣራዊት ዝተንከየ ዘበለ እኳ ኣይአምጻእኩኩምን እሞ፡ ዋጋኡ ወይ ደጊም ወይ ብለይቲ
605,ኣብ ቤተ መቕደስ ዜገልግሉሉ ዅሉ ኣቓሑ ኣገልግሎት ወሲዶም ድማ ኣብ ሰማያዊ ዓለባ ይግበርዎ፡ መኽደኒ ኸኣ ብቘርበት ታሃስ ይኽደንዎ፡ ኣብ መሰላውን ይግበርዎ።,ንዅሉ ኣቓሑ መቕደስ ዜገልግሉሉ፡ ኣብ መቕደስ ዜገልግሉሉ ዅሉ ኣቓሑ ናይ 
606,ንሱ እንጌራ ኣምላኽካ የቕርብ እዩ እሞ፡ ስለዚ ቀድሶ። ኣነ እግዚኣብሄር ዝቕድሰኩም ቅዱስ እየ እሞ፡ ንሱ ንኣኻ ቅዱስ ይኹን።,ንሱ እንጌራ ኣምላኽካ ኼቕርቦ እዩ እሞ፡ ንስኻ ተቐደስካ፡ ንሱ ድማ እንጌራ ኣ
607,እቲ ንጹህ ኣብ ልዕሊ እቲ ርኹስ በታ ሳልሰይቲ መዓልትን በታ ሳብዐይቲ መዓልትን ይንጸገሉ፡ ኣብታ ሳብዐይቲ መዓልቲ ኸኣ ኬንጽሆ እዩ። ክዳውንቱ ድማ ይሕጸብ፡ ብማይ ከኣ ይተሐጸብ፡ ምሸት ድማ ኪነጽህ እዩ።,እቲ ንጹህ ድማ ኣብ ሳልሰይቲ መዓልትን ኣብ ሳብዐይቲ መዓልትን ንነቲ ርኹስ
608,በታ ሳምነይቲ መዓልቲ ኽቡር ኣኼባ ይኹነልኩም፡ ኩሉ ዕዮ ኣገልግሎት ኣይትዕየዩ።,በታ ሳምነይቲ መዓልቲ ኸኣ ዓብዪ ኣኼባ ይኹነልኩም፡ ገለ ዕዮ ኣገልግሎት ኣይትዕየ
609,ሙሴ ድማ እዚ ቓላት እዚ ንዅሎም ደቂ እስራኤል ተዛረቦም። እቲ ህዝቢ ኸኣ ብዙሕ ሐዘነ።,ሙሴ ኸኣ እዚ ነገር እዚ ንዅሎም ደቂ እስራኤል ነገርዚ ነገሮም። እቲ ህዝቢ ኸኣ ኣዝ
610,ቃየል ድማ ንሓዉ ኣቤል ተዛረቦ። ኰነ ኸኣ፡ ኣብ መሮር ከለዉ፡ ቃየል ንሓዉ ኣቤል ተንስኦ፡ ቀተሎ ድማ።,ቃየል ከኣ ንሓው ኣቤል፡ በጃኻ፡ ናብ መሮር ንኺድ፡ በሎ። ኰነ ድማ፡ 
611,ኣብ መወዳእታ ሰሳልሰይቲ ዓመት ካብ ኵሉ ናይ እታ ዓመት እቲኣ እቶትካ ዕሽር ኣውጺእካ፡ ኣብ ውሽጢ ደጌታትካ ኣክቦ።,ኣብ መወዳእታ ሰለስተ ዓመት ድማ በታ መበል ዓሰርተው ሰለስተ ዓመት ንእሽቶ ዕሽር እቶት
612,እቶም ሰብ ውግእ፡ ነፍሲ ወከፍ ነንርእሱ፡ ዚዅኖ ማሪኹ ነበረ።,ሙሴ ድማ ነፍሲ ወከፍ ንርእሱ ሸያብ ሐዙ። ሽዑ እቶም ተዋጋእቲ ሰባት ነፍሲ ወ
613,እቲ መተዓየዪ ንዅሉ ዚዕየ ዕዮ ዚኣክል ነበረ፡ ተረፈ እኳ።,እቲ ዘለዎ ገንዘብ ድማ ብዅሉ ዕዮ ንምዕያይዎ ዚኸውን ዚኽእል ኣምጽኤን ነበረ
614,ካብ ማታና ኸኣ ናብ ናሓሊኤል፡ ካብ ናሓሊኤል ድማ ናብ ባሞት፡,ካብ ማርታውን ናብ ናሕሊኤል፡ ካብ ናሕሊል ከኣ ናብ ቤሞት፡
615,ጽቡቕ ኣይስመዓንን ኣሎ,ኣነ ጽቡቕ ከየብልኩን እየ
616,እግዚኣብሄር ስሙ ብኸንቱ ንዘልዐለ ኸይቀጽዔ ኣይሐድጎን እዩ እሞ፡ ስም እግዚኣብሄር ኣምላኽካ ብኸንቱ ኣይተልዕል።,እግዚኣብሄር ስሙ ብኸንቱ ንዜልዕል ናጻ ኣይሕልዕን እዩ እሞ፡ ስም እግዚኣብሄር
617,ንደቂ ቃሃት ግና፡ እቲ ኣገልግሎቶም ኣብ መቕደስ ኣብ መንኩቦም ብምጽዋር ነበረ እሞ፡ ገለ ኣይሀቦምን።,ንደቂ ቃሃት ግና እቲ ኣገልግሎት መቕደስ ንኣታቶም ስለ ዝዀነ፡ ገለ ኣይሀቦምን እሞ፡
618,ነቲ ዝራብዕ ከኣ ኣብ ኣፍ ድንኳን ምርኻብ ኣብ ቅድሚ እግዚኣብሄር ሕረዶ።,ነታ ዝራብዕ ድማ ኣብ ኣፍ ድንኳን ምርኻብ፡ ኣብ ቅድሚ እግዚኣብሄር፡ ኣብ ኣፍ 
619,ካብ ደቂ ዮሴፍ፡ ካብ ኤፍሬም፡ ኤሊሻማዕ ወዲ ዓሚሁድ። ካብ ምናሴ፡ ገማልኤል ወዲ ጳዳህጹር።,ካብ ደቂ ዮሴፍ፡ ካብ ኤፍሬም፡ ኤሊሻማዕ ወዲ ዓሚሁድ። ካብ ምናሴ፡ ገማልኤ
620,ኣብ ማእከል እቶም ህዝብታት እቲኦም ከኣ ህድኣት ኣይትረክብን፡ ንኸብዲ እግርኻ ድማ ዕረፍቲ የልቦን፡ ኣብኡ ግና እግዚኣብሄር ዜንቀጥቅጥ ልብን ዝሐመቐት ዓይንን ዝማህመነት ነፍስን ኪህበካ እዩ።,እግዚኣብሄር ኣብ ማእከል እዞም ህዝብታት እዚኣቶም ድማ ምሕረድ ልብኹምን ዓመጽ 
621,ሙሴ ድማ ነቲ ድንኳን ወሲዱ፡ ኣብ ወጻኢ እቲ ሰፈር፡ ካብ ሰፈር ኣርሕቕ ኣቢሉ ተኸሎ። ድንኳን ምርኻብ ከኣ ኣውጻኣሉ። ኰነ ኸኣ ንእግዚኣብሄር ዝደለየ ዘበለ ንወጻኢ ሰፈር ናብ ድንኳን ምራኻብ ይኸይድ ነበረ።,ሙሴ ድማ ነቲ ድንኳን ኬዳልወሉ ኣብ ወጻኢ ሰፈር፡ ካብቲ ሰፈር ዚርኢ፡ ኣብ ወጻ
622,ኣብ ቤትካ ኾፍ ምስ በልካን ኣብ መገዲ ኽትከይድ ከሎኻን ኣብ በጥ ምባልካን፡ ኣብ ምትንሳእካን ብእኡ እናተዛረብኩም፡ ንደቅኹም ምሀርዎም።,ኣብ ቤትካ ደው ክትብልን ብመገዲ ኽትከዱን ኣብ መገዲ ኸኣ ደው ክትብልን፡ ንደቅኻ ድ
623,እቲ ደበና ኸኣ ናብ ልዕሊ ድንኳን ኣግለሰ፡ እንሆ ኸኣ፡ ሚርያም ለምጻም ኰነት፡ ከም በረድ ጻዕደወት። ኣሮን ድማ ናብ ሚርያም ግልጽ በለ፡ እነሆ ኸኣ ለምጻም ኰይና ነበረት።,ሽዑ እቲ ደበና ኻብ ልዕሊ ድንኳን ተላዕለ፡ እንሆ ድማ ሚርያም ከኣ ከም ጸሓይ 
624,እቲ ብዕራይ ካብ ቀደሙ ፍሉጥ ተዋጋኢ እንተ ዀነ፡ እሞ ዋናኡ እንተ ዘይሐለዎ ኣብ ክንዲ ብዕራይ፡ ብዕራይ ይኽሐስ።እቲ ዝሞተ ኸኣ ንእኡ ይኹን።,በቲ ዝራብዕ ከኣ ቐደም ስገም ዜጥብዋ ነበረ እሞ እቲ ዋናኡ ኸኣ ከይሐለዎ እንተ ፈለጠ
625,ዚሐርር መስዋእትኹምን መስዋእቲ ሕሩድኩምን ዕሽርኩምን ዚለዐል መስዋእትታት ኣእዳውኩምን ናይ መብጽዓኹም ናይ ፍቓድ መባእኩምን በዅሪ ኣሓኹምን ኣባጊዕኩምን ናብኣ ኣምጽኡ።,ናብኡ ድማ ዚሐርር መስዋእትኹምን መስዋእቲ ሕሩድኩምን ዕሽርኩምን ዕሽርኩምን 
626,እግዚኣብሄር ድማ ንሙሴ፡ ናብ ቅድሚ ህዝቢ ሕለፍ እሞ፡ ካብ ዓበይቲ እስራኤል ከኣ ምሳኻ ውሰድ፡ እታ ነታ ርባ ዝወቓዕካላ በትርኻ ድማ ኣብ ኢድካ ሒዝካ ኺድ።,እግዚኣብሄር ድማ ንሙሴ፡ ናብ ቅድሚ እቲ ህዝቢ ኸይዱ፡ ነቶም ዓበይቲ እስራ
627,ዮርዳኖስ ምስ ተሳገርኩም፡ እዚኣቶም ኣብ ከረን ጌሪዚም ቈይሞም ንህዝቢ ይባርኹ፡ ስምኦንን ሌዊን ይሁዳን ይሳኮርን ዮሴፍን ብንያምን።,ንስኻ ዮርዳኖስ ምስ ተሳገርካ፡ ኣብ ከረን ጌሪዞም ኪባርኽዎም ከኣ፡ ስምኦንን ሌውን ይ
628,እግዚኣብሄር ድማ ንሙሴ በሎ፤ ንኣሮን፡ ናብ ልዕሊ ወሓዝትን ናብ ርባታትን ናብ ቀላያትን ኢድካ ምስ በትርኻ ዘርግሕ እሞ፡ ናብ ልዕሊ ሃገር ግብጺ ቝርዖብ ኣደይብ በሎ።,እግዚኣብሄር ድማ ንሙሴ በሎ፡ ንኣሮን፡ ንኣሮን፡ ኢድካ ምስ ሰባትካ ናብ ልዕሊ
629,ኪድ እሞ፡ እቶም ኣሕዋትካ ደሓን እንተለዉ፡ እተን ጤለበጊዕውን ደሓን እንተለዋ ርኤ፡ ቃል ድማ ምለሰለይ፡ በሎ። ከምዚ ገይሩ ኻብ ለሰ ኬብሮን ለኣኾ፡ ንሱ ኸኣ ናብ ሴኬም መጸ።,ንሱ ድማ፥ ሕጂ ኸኣ ምሳሕ ኣሕዋትካ እንተ ጽቡቕ፡ ምሳሕ ኣባጊዕካውን እንተ ጽ
630,ሰማያዊ ዓለባ ወሲዶም ከኣ፡ ነቲ ቐዋሚ ቐንዴልን ቅልዒ ቐነዲሉን መሳቐዪኡን መዋህለል ርስሓቱን እቲ ዅሉ ዜገልግሉሉ፡ ናይ ዘይቲ ኣቓሑኡ ኸኣ ይኽደኑ።,ጽሩይ ቀይሕ ልሕጺ እንጣጢዕ ድማ ገይሮም ንቐዋሚ ቐንዴልን ንቐዋሚ ቐ
631,ኣብኡ ድማ ንኣኻ ኽግለጸልካ እየ፡ ካብቲ መኽደን መተዓረቒ ኻብ መንጎ እቶም ኣብ ልዕሊ ታቦት ምስክር ዘለው ኽልተ ኪሩቤል እቲ ንደቂ እስራኤል ኢለ ዝእዝዘካ ዅሉ ኽነግረካ እየ።,መጺእኩ ኣብኡ ምሳኻ ዀይነ፡ ኣብኡ ድማ ምሳኻ እራኸብ፡ ካብ ኣብ ልዕሊ መ
632,በሎም ድማ፡ እቲ ንእግዚኣብሄር እተቕርብዎ መስዋእቲ ሓዊ እዚ እዩ፡ ነቲ ናይ ወርትግ ዚሐርር መስዋእቲ ነንመዓልቲ ጐደሎ ዜብሎም ክልተ ገንሸል ዓመት፡,እቲ ንእግዚኣብሄር እትስውኡሉ ዚሐርር መስዋእቲ ሓዊ እዚ እዩ፡ ጐደሎ ዜብሎም
633,ንዚሐርር መስዋእቲ ሓደ ዝራብዕ፡ ሓደ ድዑል፡ ሓደ ገንሸል ዓመት፡,ንዚሐርር መስዋእቲ ሓደ ዝራብዕ፡ ሓደ ድዑል፡ ሓደ ድዑል፡ ሓደ ገንሸል ዓመት፡
634,ኣንሶላኣለኪ ዶ ,ካምታኣለኪ ዶ
635,እግዚኣብሄር ገጹ የብርሃልካ፡ ጸጋ ኸኣ ይሀብካ።,እግዚኣብሄር ገጹ ይምለሰልካ፡ ርእዩ ኸኣ ይብርህ በካ፡ ፈሪሁ ድማ ይዀነካ።
636,ኣምላኽ ድማ ነተን መሕረስቲ ጽቡቕ ገበረለን። እቲ ህዝቢውን በዝሔ፡ ኣዝዪ ኸኣ በርትዔ።,እግዚኣብሄር ኣምላኽ ድማ ንማሕጸናታት ጽቡቕ ገበረ። እቲ ህዝቢ ድማ ተባዝ
637,ናብ ርባ ኤሽኮል ከኣ መጹ፡ ካብኣ ድማ ሓደ ጨንፈር ምስ ሓደ ኣስካል ወይኒ ቘሪጾም፡ ክልተ ዀይኖም ብመሰላ ጾርዎ። ካብ ሮማንን ካብ በለስን ከኣ ተማልኡ።,ናብ ለሰ ኤሽኮል መጹ፡ ኣብኡ ድማ በብሰማያውን ሓደ ዕምባባ ገይሮም ካብኡ ሓ
638,ኣብ ሃገር ደቡብ ኣማሌቅ ይነብር ኣሎ፡ ኣብ ኣኽራን ከኣ ሔታውያንን ይቡሳውያንን ኣሞራውያንን ይነብሩ ኣለዉ፡ ኣብ ጥቓ ባሕርን ብሸነኽ ዮርዳኖስን ድማ ከነኣናውያን ይነብሩ ኣለዉ።,ኤማሌቅ ድማ ኣብ ደቡብ ሃገር ይነብር። ሃዋውያንን ይቡሳውያንን ኣሞራውያንን ከኣ ኣብ ከረን ይቕ
639,ሙሴ ድማ ኢዱ ናብ ልዕሊ ባሕሪ ዘርግሔ። እግዚኣብሄር፡ ከኣ ነቲ ባሕሪ ለይቲ ብምልእታ ብብርቱዕ ንፋስ ምብራቕ ኣልጊሱ፡ ነቲ ባሕሪ ኣንቀጾ። እቲ ማያት ከኣ ተመቕለ።,ሙሴ ኸኣ ኢዱ ናብ ልዕሊ ባሕሪ ዘርግሔ፡ እግዚኣብሄር ከኣ ንዅሉ መዓልቲ እ
640,ደጊም ንእግዚኣብሄር ኣምላኽካ ኣፍቅሮ፡ እቲ ሐልዎ ዝበለካ ሕጋጋቱን ፍርድታቱን ትእዛዛቱን ወርትግ ሐሉ።,እምበኣርሲ ንእግዚኣብሄር ኣምላኽካ ፍተዎ፡ ሕጋጋቱን ሕጋጋቱን ፍርድታቱን ትእ
641,በላዓም ከኣ ንባልቅ፡ እንሆ፡ ናባኻ መጺኤ ኣሎኹ። ሕጂ ገለ ነገር ክዛረብዶ እኽእል እየ፧ እቲ ኣምላኽ ኣብ ኣፈይ ዜንብረለይ ቃል ንሱ እየ ዝዛረብ፡ በሎ።,በላዓም ከኣ ንባላቅ፡ እንሆ፡ ናባኻ አተወ፡ እንሆ፡ ናባኻ አተወኩ፡ ገና እንታይ ክዛረብ ብ
642,ኣብ ልዕሊ ሰደቓ እንጌራ ምርኣይ ድማ ሰማያዊ ዓለባ ይዘርግሑሉ፡ ኣብኡ ኸኣ ሒላባትን ጭሔሎታትን ጽውኣትን እቲ ንመስዋእቲ መስተ ዚኸውን ኲስኲስትታትውን ይስርዑ፡ እቲ ናይ ውርትግ እንጌራ ኸኣ ኣብ ልዕሊኡ ይኹን።,ኣብ ልዕሊ እቲ ሰደቓ እንጌራ ድማ ጽሩይ ቀይሕ ልሕጺ እንጣጢዕዎ ኣብ ልዕሊኡ
643,ኣዝየ ኸፍርየካ እየ፡ ህዝብታት ከም እትኸውን ድማ ክገብረካ እየ፡ ነገስታትውን ካባኻ ኪወጹ እዮም።,እከብረካ እሞ፡ ብዙሕን ብዙሕን ህዝብታት ከኣ ካባኻ እገብሮ፡ ካባኻ ንነገስታት ከ
644,እቶም ካብ ነገድ ጋድ እተቘጽሩ፡ ኣርብዓን ሓሙሽተን ሽሕን ሹድሽተ ሚእትን ሓምሳን ኰኑ።,ካብ ነገድ ጋድ እተቘጽሩ፡ ኣርብዓን ሓሙሽተን ሽሕን ሹድሽተ ሚእትን ሓምሳን ኰኑ
645,ነቶም ታፍላ ዝሐዞም ህዝቢ ኣብአ ቐቢሮምዎም እዮም እሞ፡ እታ ቦታ እቲኣ ቂብሮት-ሃታኣባ ተባህለት።,እቲ ህዝቢ ዝተንከዮ ኣብኣ ስለ ዘሕረዱ እሞ፡ ኣብኣ ቐበርዎ። ስሙ ኸኣ ኪብሮት-
646,ኣብተን እግዚኣብሄር ኣምላኽካ ዚሀበካ ዅለን ደጌታትካ ንነገዳትካ ፈራዶን መኳንንትን ግበሮ። ንህዝቢ ኸኣ ቅኑዕ ፍርዲ ይፍረዱ።,ኣብተን እግዚኣብሄር ኣምላኽካ በብነገድካ ዚህበካ ደጌታትካ ኣብ ኵለን ደጌታትካ፡ ን
647,ኣሕዋቱ ኸኣ ቀንኡሉ። ኣቦኡ ግና ነዚ ነገርዚ ኣብ ልቡ ዐቝርዎ ነበረ።,ኣሕዋቱ ግና ኣመኑ ኣብልዎ እሞ ኣቦኡ እዚ ነገርዚ ኣብ ልቡ ሐዘ፡ ሓደ ግና ኸ
648,ሰብ ነቲ ባርያኡ ወይ ነታ ባርያኡ ብበትሪ ወቒዕዎስ ኣብ ኢዱ እንተ ሞተ፡ ቅጽዓት ይቀጻዕ።,ሰብ ንገዙኡ ወይ ንመበለቱ ብሓጎስ እንተ ወቕዖ፡ ኣብ ኢዱ እንተ ሞተ፡ ሞት ከኣ ኣብ 
649,ሓደ ኪሩቤል ኣብ ሓደ ወሰን፡ ካልኣይ ኪሩቤል ከኣ ኣብቲ ኻልኣይ ወሰን ግበሮም። ነቶም ኪሩቤል፡ ምስቲ መኽደን መተዓረቒ ሓደ ዀይኑ፡ ብኽልተ ወሰኑ ግበርዎም።,ኣብ ሓደ ወሰን እቲ ኽልተ ሸነኹ፡ ኣብቲ ኻልኣይ ወሰን ድማ ሓደ ኪሩቤል ግበር፡ ነ
650,ምድሪ ስርናይን ስገምን ወይንን በለስን ሮማንን፡ ምድሪ ናይ ዘይቲ ኣውልዕን መዓርን፡,ምድሪ ስርናይን ጸባን መዓርን ኣብርናን ዓይነት ኣውልዕን ሮማንን፡ ምድሪ ኣውልዕን ዕጨይ
651,ናብቲ ዓር እትነብረሉ ዜብል፡ ቊልቊለት ለሴታት ድማ፡ ናብ ዶብ ሞኣብውን ዚጽጋዕ።,ወሰን እቲ ናብ መዕቈቢ ኣር ዘሎ ለሰታት፡ ናብ ምድርቤት ኣር ኣቢሉ ዚብል ስግር ርባ
652,ካብ ይሁዳ፡ ነኣሶን ወዲ ኣሚናዳብ።,ናሆኖን ወዲ ዓሚናዳብ።
653,እግዚኣብሄር ንሙሴ ኸምዚ ኢሉ ተዛረቦ፡ ኣነ እግዚኣብሄር እየ። እዚ ኣነ ዝዛረበካ ዅሉ፡ ንፈርኦን ንጉስ ግብጺ ተዛረቦ።,እግዚኣብሄር ድማ ንሙሴ ኸምዚ ኢሉ ተዛረቦ፡ ኣነ እግዚኣብሄር እየ፡ እዚ ኣነ ዝብ
654,ብሸነኽ ድሕሪኡ ነቲ ማሕደር፡ ብሸነኽ ምዕራቡ ድማ ሽዱሽተ ሉሕ ገበረ።,ንሓድሕዱ እቲ ማሕደር ብሸነኽ ምዕራብ ድማ ሹድሽተ ሉሕ፡ ንሸነኽ ምዕ
655,ነቶም ሰብ እታ ቦታ እቲኣ፡ እታ ኣብ ኤናይም ኣብ መገዲ ተቐሚጣ ዝነበረት ኣመንዝራ ኣበይ እያ ዘላ፧ ኢሉ ሐተተ። ኣብዚ ኣመንዝራ ኣይነበረትን፡ በሉ።,ድሕሪኡ ኸኣ ነቶም ሰብ ቦታኣ፡ እቲ ኣብ ኤናሚ ኣብ መገዲ ዘሎ ጓል መን እዩ፧ ኢሉ
656,እንሆ፡ ኣብታ ኽትወርስዋ እትአትውዋ ዘሎኹም ሃገር ከምኡ ኽትገብሩ፡ ኣነ ኸምቲ እግዚኣብሄር ኣምላኸይ ዝአዘዘኒ ሕጋጋትን ፍርድታትን መሀርኩኹም።,ኣብ ማእከል እታ ኽትወርሳ እትአትዋ ሃገር ክትገብርዎ ከምቲ እግዚኣብሄር ኣምላኸይ ዝኣዘዘ
657,እዛ መዓልቲ እዚኣ ድማ ንመዘከርታ ትኹነልኩም፡ ንእግዚኣብሄር ከኣ ተብዕልዋ። ሕጊ ዘለኣለም ጌርኩም ንውሉድ ወለዶ ኣብዕልዋ።,እዛ መዓልቲ እዚኣ ንኣኻትኩም ንመዘከርታ ኪኹነልኩም እያ፡ ንእግዚኣብሄር ድማ 
658,እግዚኣብሄር ከኣ ንኣሮን፡ ኪድ ንሙሴ ኣብ በረኻ ተቐበሎ፡ በሎ። ከይዱ ድማ ኣብ ከረን ኣምላኽ ተጓነፎ፡ ሰዐሞ ኸኣ።,ንኣሮን ድማ፤ ንሙሴ ኽትቅበል ደኣ ናብ በረኻ ኣትዩ ንሙሴ ኽትቅበል ኢል
659,ሮቤል ይንበር፣ ኣይሙት፣ ሰቡ ግና ሒደት ይኹኑ።,ሮቤል ንሱ ኸኣ ይነብር፡ ኣይሞትን ድማ፡ ሰቡ ኸኣ ሒደት ይኹኑ።
660,አይትሸገር,ኣታ ኣይትፍርህ፡
661,ነገድ ጋድ ድማ፡ ሹም ደቂ ጋድ ኤልያሳፍ ወዲ ረዑኤል እዩ።,ድማ ነገድ ጋድ፡ ሹም ደቂ ጋድ ከኣ ኤልያሳፍ ወዲ ራጉኤል እዩ፡ ሹም ደቂ 
662,በታ ቐዳመይቲ መዓልቲ ዝበለጸ ፍረ ኦም፡ ጨናፍር ስየን ጨናፍር ደስዳስ ኣእዋምን፡ ዕቦል ርባ ከኣ ውሰዱ፡ ኣብ ቅድሚ እግዚኣብሄር ኣምላኽኩም ድማ ሾብዓተ መዓልቲ ተሐጐሱ።,በታ ቐዳመይቲ መዓልቲ ድማ ፍረ ጽቡቕ ኦም ተምጽእ፡ ጨናፍር ቡረቴታትን 
663,እንሆ ኸኣ፡ ኣነ ምሳኻ እየ፡ እቲ ዝበልኩኻ ኽሳዕ ዝገብሮ ኣይሐድገካን እየ እሞ፡ ኣብ እትኸዶ ዅሉ ኽሕልወካ እየ፡ ናብዛ ምድሪ እዚኣ ድማ ክመልሰካ እየ።,ርኣዩ፡ ኣነ ምሳኻ እየ እሞ፡ ኣብ ዝኸድካሉ ዅሉ ኸይሐልፍ ከሎኹ ድማ፡ ኣብ
664,ከምቲ ኻብ መስዋእቲ ምስጋና ዚፍለ ስብሒ፡ ንዂሉ እቲ ስብሒ ይፍለ፡ እቲ ኻህን ድማ ንእግዚኣብሄር ንጥዑም ጨና ኣብ መሰውኢ የሕርሮ። እቲ ኻህን ድማ የተዐርቆ፡ ይሕደገሉ ኸኣ።,እቲ ስብሒ ኻብ ናይ መስዋእቲ ምስጋና ዚምንቈስ ከም ዚቘርጽ፡ ከምቲ ስብሒ ኻብ ና
665,ካብ ኣሽሓት እስራኤል፡ ከካብ ነገድ ሽሕ ተዋህቡ፡ ዓሰርተው ክልተ ሽሕ ንውግእ ተዳለዉ።,ካብ ኣሽሓት እስራኤል ድማ ካብ ነገድ ህዝቢ ሓደ ሽሕ፡ ካብ ነገድ ሓደ ሽሕ፡
666,ካብ ደቁ እቲ ኣብ ስፍራኡ ኻህን ዚኸውን፡ እቲ ኣብ ድንኳን ምርኻብ ኬግልግል ናብ መቕደስ ዚኣቱ፡ ሾብዓተ መዓልቲ ይልበሶ።,ኣብቲ ቅዱስ ቦታ ንምቕዳስ ምስ ዚእቶ፡ ናብ ድንኳን ምርኻብ ምስ ኣተወ፡ እቲ ኣብ
667,ናርገ,ካርገ
668,ኣብዛ ቤት እዚኣ ኻባይ ዚስልጥን የልቦን፡ ሰበይቱ ኢኺ እሞ፡ ብጀካኽስ ገለኳ ኣይከልኣንን። ከመይ ገይረኸ እዚ ዓብዪ ኽፍኣትን ኣብ ቅድሚ ኣምላኽ ከኣ ሓጢኣትን ክገብር እኽእል፧ በላ።,መሊሱ ኻባይ ካብዚ ቤት እዚ ኣብዚ ኸረን ካባይ ኣይዓበየን፡ ንሱ ኻባይ ካብ ዘየና
669,ድሕርዚ እቲ ግዙእ ኣቓሑ ብሩርን ኣቓሑ ወርቅን ክዳውንትን ኣውጺኡ ንርብቃ ሀባ። ንሓዋን ነዲኣን ድማ ክቡር ነገር ሀቦም።,ግዙእ ወርቅን ኣቓሑ ብሩርን ኣቓሑ ወርቅን ክዳውንትን ኣልባስን ኣውጺኡ ንርብቃ ሀቦ።
670,ኰነ ድማ፡ ንጽብሒቱ እንሃ፡ ንሳ ልያ ነበረት። ንላባን ከኣ፡ እንታይ እዩ ዝገበርካኒ፧ ምእንቲ ራሄልዶ ኣይኰንኩን እተገዛእኩኻ፧ ስለምንታይ ደኣ ጠበርካኒ፧ በሎ።,ኰነ ድማ፡ ንጽብሒቱ እንሆ፡ ልያ፡ እንሆ ድማ፡ ልያ ነበረት፡ ንሱ ድማ ን
671,ሰራዊቱን እቶም ቊጹራቶምን ሓምሳን ትሽዓተን ሽሕን ሰለስተ ሚእትን ነበሩ።,ከም ሰራዊቱን እቶም ቊጹራቶምን ሓምሳን ትሽዓተን ሽሕን ሰለስተ ሚእትን ነበሩ።
672,ኵሎም ህዝቢ ድማ ነጕድን ሃልሃልታን ደሃይ መለኸትን እቲ ኸረን ኪተክኽን ረኣዩ። እቶም ህዝቢ እዚ ምስ ረኣዩ ኸኣ፡ ኣንቀጥቀጡ፡ ርሒቖም ድማ ደው በሉ።,ኵሉ ህዝቢ ድማ ነጕድን ብርቱዕን ቃጽልን ድምጺ መለኸትን ቃል መዕቈቢትን ሰማዕኩ
673,ብኣቕሓ ሓጺን እንተ ወቕዖ ግና፡ እሞ እንተ ሞተ፡ ንሱ ቐታል ነፍሲ እዩ። ቀታል ነፍሲ ኸኣ ርግጽ ይሙት።,ንሱ እንተ ወቕዖ ብመንደል ሓጺን ኪሞተ ኸሎ እንተ ወቕዖ፡ ንሱ ቐታል ነፍሲ እዩ። ቀታል ነፍ
674,ሰንደቕ ዕላማ ሰፈር ሮቤል፡ ከም ሰራዊቶም ብሸነኽ ደቡብ ይኹን። ሹም ደቂ ሮቤል ከኣ ኤሊጹር ወዲ ሸደውር እዩ፡,በቲ ሰራዊቶም መምስ ሰራዊት ሰፈር ደቂ ሮቤል ከከም ሰራዊቶም፡ ብሸነኽ ደቡብ ነቲ ሰንደቕ ዕላ
675,ካብ በዅርታት ደቂ እስራኤል ብሲቃል መቕደስ ሽሕን ሰለስተ ሚእትን ስሳን ሓሙሽተን ሲቃል ገንዘብ ወሰደ።,እቲ ገንዘብ ካብ በዅሪ ደቂ እስራኤል ካብ በዅሪ ደቂ እስራኤል ወሲዱ፡ ንሱ ብሲቃል
676,ካብቲ ኣብ ቅድሚ እግዚኣብሄር ዘሎ መሰውኢ ጽንሃህ ምሉእ ጓህሪ ይውሰድ፡ ካብቲ እተጐድኤ ምኡዝ ዕጣን ከኣ ምሉእ ሕፍኑ ወሲዱ ናብ ውሽጢ መጋረጃ የእትዎ።,ካብ ልዕሊ መሰውኢ ኣብ ቅድሚ እግዚኣብሄር ንመሰውኢ ብዙርያ ሓዊ ብሓዊ ዝመልኤ፡ 
677,ወሲዱ ርባ ኣሳገረን፡ ዘለዎ ዘበለ ኸኣ ኣሳገረ።,ወሰዶም ወሲዱ ድማ ናብ ልዕሊ ርባ ለኣኸ ናብቲ ዘለዎ ሰደደ። ንሱ ድማ ዝ
678,ግናኸ እቲ ኻህን እንተ ረአዮ፡ እንሆ ድማ፡ ኣብቲ ብሩህ ብሮት ጻዕዳ ጸጒሪ እንተ ዜልቦ፡ ካብቲ ቘርበት ከኣ እንተ ዘይጐድጐደ እንተ ፋሕሸወ ድማ፡ እቲ ኻህን ሾብዓተ መዓልቲ ይዕጾዎ።,መቕደስ እንተ ረአየ ግና፡ እንሆ ኸኣ፡ ኣብቲ ብሩህ ብሮት ድማ ጸሊም ጸጒሪ እንተ ዜ
679,ስለዚ ደቂ እስራኤል ነቲ ኣብ መሮር ዚስውእዎ ዚሕረድ መስዋእቶም ናብ እግዚኣብሄር፡ ናብ ኣፍ ድንኳን ምርኻብ፡ ናብ ካህን የምጽእዎ፡ ንእግዚኣብሄር ከኣ ንመስዋእቲ ምስጋና የቕርቡሉ።,ንደቂ እስራኤል ምእንቲ እቲ ኣብ መሮር ዚስውኡ መስዋእቶም ናብ እግዚኣብሄር ናብ ኣ
680,ሙሴ ድማ ካብ ፈርኦንን ካብ እታ ኸተማን ወጸ፡ ኣእዳዉ ኸኣ ናብ እግዚኣብሄር ዘርግሔ፡ ነጕድን በረድን ድማ ሐደገ፡ ዝናምውን ናብ ምድሪ ኣይዘነመን።,ሙሴ ድማ ካብ ፈርኦን ወጺኡ፡ ናብ እግዚኣብሄር ኣእዳዉ ኣብ ስፍራ ዘርጊሑ
681,ኣነ ማይ ክህልወኒ እዩ,ኣነ ማይ ክህልወኒ እዩ እሞ፡ ማያት ክህልወኒ እዩ፡ በል ኣነ ማይ ክህልወኒ እዩ፡ በለ
682,ኣሓ ሰላሳን ሹድሽተን ሽሕ፡,ሰላሳን ሹድሽተን ሽሕ ኣሓን ድዑልን፡ ሰላሳን ሹድሽተን ሽሕ ዝራብዕን ሰላሳን ሹ
683,ኣነ ድማ ብቑጥዓ እናተጻረርኩኹም እኸይድ እሞ ብዛዕባ ሓጢኣትኩም ሸብዓተ ዕጽፊ እቐጽዓኩም።,ሽዑ ኣነ ኽብቀልካ ኽይሕለካ፡ ኣነ ድማ ብምጽራር ንኣኻትኩም ኽንጸግሕ፡
684,እቲ ደቡብ ድማ፣ እቲ ጐልጐል ለሰ ያሪኮ፣ ከተማ ተምሪ፣ ክሳዕ ጾኣር ኣርኣዮ።,ናብ ደቡብን ንሰሜንን ጐልጐልን በረኻ ዮርዳኖስ፡ ከተማ ኦም ኣብ ዮርዳኖስ፡ ከተማ
685,ኣብ ትሕቲኡ ዝነበረ ዂሉ ነገር ዝተንከየ ዘበለውን ክሳዕ ምሸት ርኹስ ይኹን፡ ነዚ ዘልዐለ ኸኣ ክዳውንቱ ይሕጸብ፡ ብማይ ድማ ይተሐጸብ፡ ክሳዕ ምሸትውን ርኹስ ይኹን።,እቲ ኣብ ትሕቲኡ ዝነበረ ነገር ዝተንከዮ ዝተንከየ ዘበለ ኸኣ ክሳዕ ምሸት ርኹስ ይኹን።
686,እቲ ኣርብዓ ናይ ብሩር እግሩ ኸኣ፡ ኣብ ትሕቲ ሓደ ሉሕ ክልተ እግሪ፡ ኣብ ትሕቲ እቲ ኻልእ ሉሕ ድማ ክልተ እግሪ ግበር።,ዕስራ እግሪ ብሩርን ኣርብዓ እግሪ ብሩርን ድማ ኣርብዓ እግሪ ብሩርን ኣብ ትሕቲ ሓደ ሉ
687,ጠመትኩ ድማ፡ እንሆ፡ ንእግዚኣብሄር ኣምላኽኩም በደልኩም፡ ንኣኻትኩም ዝፈሰሰ ምራኽ ገበርኩም፡ ካብቲ እግዚኣብሄር ዝአዘዘኩም መገዲ ቐልጢፍኩም ኣግለስኩም።,ርኣየ ኸኣ፡ እንሆ፡ ንስኻ ምስ እግዚኣብሄር ኣምላኽካ ሓጢኣት ገበርካ፡ ምራኽ 
688,እታ ምድሪ ግና ብዕጭ ውድቕ ትመቐል። ከከም ስም ነገድ ኣቦታቶም ይረስተዩ።,ግናኸ እታ ምድሪ ብዕጭ ይፍለ፡ ከም ስም ነገድ ኣቦታቶም ይንረስትዩ።
689,እግዚኣብሄር ከኣ፡ ኣብ ሶዶም፡ ኣብ ማእከል እታ ከተማ ሓምሳ ጻድቃን እንተ ረኸብኩላስ፡ ንብዘላ እታ ቦታ ምእንታኦም ኢለ ኽንሕፋ እየ፡ በለ።,እግዚኣብሄር ድማ፡ ኣብ ሶዶም ሓምሳ ጻድቃን ኣብ ከተማ እንተ ረኸብኩ፡ ኣብ ክንዲኦ
690,ንስኻ እቲ ዝእዝዘካ ዘሎኹ ዅሉ ነገር፡ ኣሮን ሓውካ ኸኣ ንደቂ እስራኤል ካብ ምድሩ ይውጽኡ ኺሐድጎም፡ ንፈርኦን ይንገሮ።,ኵሉ እዚ ኣነ ዝእዝዘካ ዘሎኹ ትዛረቦ። ኣሮን ሓውካ ድማ፡ ንደቂ እስራኤል ካ
691,ናብታ እግዚኣብሄር ኣምላኽካ ዚህበካ ምድሪ ኣቲኻ ምስ ወረስካያን ምስ ተቐመጥካያን፡ ከምቶም ኣብ ዙርያይ ዘለዉ ዅሎም ህዝብታት፡ ንጉስ ኣብ ልዕለይ ከንግስ እየ፡ እንተ በልካ፡,እታ እግዚኣብሄር ኣምላኽካ ዚህበካ ምድሪ ምስ ኣቶኻ፡ ወይ ምስ ርስትኻ እትነብርዋን ኣብ
692,እቲ ነብዪ ብስም እግዚኣብሄር ምስ ተዛረቦ፡ እቲ ነገር እንተ ዘይኰነ፡ እንተ ዘይመጸ፡ እዚ እግዚኣብሄር ዘይተዛረቦ ነገር ምዃኑ ምልክት ይኹንካ። እዚ እቲ ነብዪ ብድፍረት እተዛረቦ እዩ፡ ኣይትፍርሃዮ።,ኣብ ስም እግዚኣብሄር ነብዪ ምስ ተዛረቦ፡ እቲ ነገር ከይሐልፍ፡ ዘይከኣለ ወይ እንተ ዘይደገመ፡
693,እግዚኣብሄር ድማ ንሙሴን ንኣሮንን ከምዚ ኢሉ ተዛረቦም፡,እግዚኣብሄር ድማ ንሙሴን ንኣሮንን ከምዚ ኢሉ ተዛረቦም፡
694,ሙሴ ድማ ካብቲ ዘይቲ ቕብኣትን ካብቲ ኣብ ልዕሊ መሰውኢ ዝነበረ ደምን ወሲዱ፡ ኣብ ልዕሊ ኣሮንን ኣብ ልዕሊ ኣልባሱን ኣብ ልዕሊ ደቁን ኣብ ልዕሊ ኣልባስ ደቁ ኸኣ ምስኡ ነጸገ እሞ ንኣሮንን ነልባሱን ንደቁን ነልባስ ደቁ ኸኣ ምስኡ ቐደሰ።,ሙሴ ድማ ካብቲ ኣብ መሰውኢ ዚነቅል ቅብኣትን ካብቲ ኣብ ልዕሊ መሰውኢ ዘሎ
695,ካብታ ኣብ ገምገም ለሰ ኣርኖን ዘላ ዓሮዔር፡ ካብታ ኣብ ለሰ ዘላ ኸተማ ኸኣ ክሳዕ ጊልኣድ ሓንቲ ኸተማ እኳ ብምንዋሓ ዝጸንዓትና ኣይነበረትን፡ እግዚኣብሄር ኣምላኽና ንዂለን ኣብ ቅድሜና ኣሕሊፉ ሀበና።,ካብታ ኣብ ወሰን ለሰ ኣርኖን ዘላ ዓሮዔር ከተማ፡ ካብታ ኣብ ለሰ ዘላ ኸተማ፡ ክሳዕ
696,ከምቲ ኻብ ዝራብዕ መስዋእቲ ምስጋና ዚለዐል፡ ነዚ እቲ ኻህን ኣብ መሰውኢ ምሕራር የሕርሮ።,ካብ ላዕሊ እቲ ድቤላ መስዋእቲ ምስጋና፡ ምስ ተወድኤ፡ ከምኡ እቲ ኻህን ኣብ ልዕሊ መ
697,ንኣኻ ዚዀኑ ተባዕታይ ባርያን ኣንስተይቲ ባርያን ግና ኣብ ዙርያኹም ካብ ዘለዉ ህዝብታት፡ ካባታቶም ተባዕታይ ባርያን ኣንስተይቲ ባርያን ተሻየጡ።,ኣብ ክንዲ እቶም ዝዀኑ ተባዕታይን ኣንስተይትን ዘለዉ ገንዘብካ፡ ነቶም ኣብ ዙርያኻ ዘለዉ 
698,እቲ በዓል ጅግል ዝደቀሶ ዂሉ መደቀሲ ይረክስ፡ ኮፍ ዝበሎ ዂሉ ኣቕሓ ድማ ይረክስ።,ነቲ ዜድሊ ዝቐረበ ዅሉ ኣቕሓ ምሉእ ይኹን፡ ዝደቀሰ ዅሉ ድማ ይኹን፡ ኮፍ ዝበለ 
699,ካልእ ሰብአይ ምስኣ ደቂሱ ድማ ብስጋ እንተ ተራኸባ፡ እዚ ኸኣ ካብ ዓይኒ ሰብኣያ እንተ ተኸወለ፡ ብሕቡእ እንተ ረኸሰት፡ ምስክር ድማ እንተ ዘይተረኽባ፡ ኣብቲ ግብሪውን እንተ ዘይተታሕዘት፡,ንሳ ብድንግልናኣ እተሳእታ ሰብኣይ በጃ ኸኣ ኽትራኸባ እዩ እሞ፡ ንሳ ብድሕሪ ሰብኣ
700,ብጀካ እቲ ኻብ ናይ ኣቦታቱ እተሸጠ ዝመጾ፡ ግዲኦም ማዕረ ማዕረ ይብልዑ።,እንጌራ ኣብ ልዕሊ እቲ ናይ ርስትኹም ዝመጸ ኣብ ልዕሊ እቲ ናይ ርስቲ ናዝራዊ
701,እታ ምድሪ ሳዕርን ከከም ዓይነቱ ዘርኢ ዚህብ ብቑልን፡ ዘርኡ ኣብ ርእሱ ዘለዎ ፍረ ዚፈሪ ኣእዋም ከኣ ኣውጽኤት። ኣምላኽ ድማ ጽቡቕ ከም ዝዀነ ረኣየ።,ብሸነኽ ምብራቕ ኸለዉ ድማ፡ ኣብ ምድሪ ሺናር ጐልጐል ረኺቦም ኰነ፡ 
702,እግዚኣብሄር ነዚ ህዝቢ እዚ ናብታ ዝመሐለሎም ምድሪ ኼእትዎም ስለ ዘይከኣለ፡ ኣብ በረኻ ሐረዶም፡ ኢሎም ኪዛረቡ እዮም።,እግዚኣብሄር ነዚ ህዝቢ እዚ ናብታ መምለሰሎም ምድሪ ኬእቱ፡ ንእኡ ኺሰድድ
703,ንመዓልቲ ሰንበት ከምቲ እግዚኣብሄር ኣምላኽካ ዝአዘዘካ፡ ክትቅድሳ ሐልዋ።,ምእንቲ ቅዱስ ዕረፍቲ ኬብዕል፡ ከምቲ እግዚኣብሄር ኣምላኽካ ዝኣዘዘካ፡ ሰንበት
704,ንጉስ ግብጺ ድማ ነተን መሕረስቲ እብራውያን፡ እታ ሓንቲ ሺፍራ ዝስማ፡ እታ ኻልኣይቲ ኸኣ ጱዓ ዝስማ፡ ተዛረበን፡,ንጉስ ግብጺ ኸኣ ነተን ኣንስቲ እብራውያን፡ ስም እታ ሓንቲ ሸፈር፡ ስም እታ ኻልኣይቲ 
705,ኣብ ሰብኣይ እተሐጽየት ድንግል ጓል እንተላ፡ ሰብኣይ ከኣ ኣብ ከተማ ረኺብዋ ምስኣ እንተ ደቀሰ፡,ጓል ጓል፡ ንሰብኣያ እተሐጽየት ጓል፡ ጓል ጓል እንተ ተረኽባ እሞ ኣብ ከተማ እንተ ረ
706,ይሁዳ እቲ ታሕዚ ኻብ ኢድ እታ ሰበይቲ ኽወስድ፡ ብኢድ እቲ ኣዱላማዊ ፈታዊኡ ጥቦት ማሕስእ ሰደደላ። ንሱ ግና ኣይረኸባን።,እግዚኣብሄር ድማ ነታ ቘልዓ ጤል በ ኢድ እቲ ኣዱላማዊ ባርያኡ፡ ካብ ኢድ እታ
707,ኣብ ቅድሚ ኻህን ኣልኣዛር ድማ ደው ይበል፡ ንሱ ኸኣ ብፍርዲ ኡሪም ኣብ ቅድሚ እግዚኣብሄር ይሕተተሉ። ንሱን ኲሎም ደቂ እስራኤልን ኲሉ እቲ ኣኼባን ከኣ ምስኡ ብቓሉ ይውጽኡ። ብቓሉ ድማ ይእተዉ።,ኣብ ቅድሚ እቲ ኻህን ኣልኣዛር፡ በቲ ፍርዲ ኡሪም ኪሐትሮ ኸሎ፡ ኣብ ቅድ
708,ነቲ ዝራብዕ መስዋእቲ ሓጢኣትን ነቲ ድቤላ መስዋእቲ ሓጢኣትን፡ ደሞም ንምትዕራቕ ናብ መቕደስ ዝአተወ፡ ናብ ወጻኢ ሰፈር የውጽእዎም፡ ቈርበቶምን ስጋኦምን ፈርሶምን ከኣ ብሓዊ የንድድዎ።,እቲ ዝራብዕ መስዋእቲ ሓጢኣትን እቲ ድቤላ መስዋእቲ ሓጢኣትን፡ ንዚሐርር መስዋእቲ ሓ
709,ሓለዋ ደቂ ጌርሾን ኣብ ድንኳን ምርኻብ ድማ ነቲ ማሕደርን መኽደኒኡን መደረብታኡን መጋረጃ ኣፍ ድንኳን ምርኻብን።,ደቂ ጌርሾን ኣብ ድንኳን ምርኻብ ንእኡ ሓለዋ ኣኼባታትን ድንኳንን መኽደን መተዓረቕን
710,እግዚኣብሄር ድማ ብሰርኹም ተቘጥዓኒ እሞ፡ ኣነ ንዮርዳኖስ ከይሳገር፡ ናብታ እግዚኣብሄር ኣምላኽካ ንርስቲ ዚህበካ ጽብቕቲ ምድሪ ኸኣ ከይአቱ መሐለ።,ድሕሪ ደጊም እግዚኣብሄር ብምግባርካ ተቘጥዓኒ፡ ዮርዳኖስ ከይተሳገርኩ፡ ናብታ እግ
711,ብቚጽሪ ዓመታት ፍረ እዩ ዚሸጠልካ እሞ፡ ብመጠን ምብዛሕ ዓመታት ዋጋ ኣብዝሕ፡ ብመጠን ምውሓድ ዓመታት ድማ ዋጋ ኣውሕድ።,ወይንን ንምኻድ ዚሸየጥ እዩ እሞ፡ በቲ ቚጽሪ ዓመታት ዋጋኡ ልኡኻ ኣምብሎ። 
712,ብዕራይ ንሰብኣይ ወይ ንሰበይቲ ወጊኡ እንተ ቐተለ፡ ነቲ ብዕራይ ብዳርባ እምኒ ይቕተልዎ፡ ስጋኡ ድማ ኣይበላዕ። እቲ በዓል ብዕራይ ግና ናጻ እዩ።,ከም ብዕራይ ንሞት ሰብኣይ ወይ ሰበይቲ እንተ ወግኦ፡ እቲ ብዕራይ ርግቢ እሞ፡ እቲ ብዕራ
713,ዓጥሮት-ሾፋንን ያዕዜርን ዮግብሃን፡,ዔሮቶሾፋንን ያዕዜርን ዮግቤሓትን ያዕዜርን ዮግባሓትን ሓሓትን ኣታሓትን።
714,ኤሳው ድማ፡ እንሆ፡ ኣነ ኽመውት ኢለ አሎኹ፡ እዛ ብዅርናኸ ንምንታይ እያ፧ በለ።,ሽዑ ኤሳው፡ እንሆ፡ ክመውት እየ፡ እቲ ብዅርናኸ ኸንደይ ይጽብቐለይ አሎ፡ እንታይ ጽቡቕ
715,ኰነ ድማ፡ ቃለይ ዓው ኣቢለ ምስ ኣእዌኹ፡ ክዳኑ ሐዲጉለይ ንግዳም ሀደመ።,እግዚኣብሄር ድማ ዀነ፡ ቃለይ ዓው ኣቢለ ሒዛ ኸሎኹ፡ ክዳኑ ሐዲጉለይ፡
716,ኣብኡ ድማ ንእግዚኣብሄር ኣምላኽካ መሰውኢ፡ ብሓጺን ዘይተንኬኻዮ ኣእማን፡ መሰውኢ ንደቕ።,ኣምላኽካ ድማ ንእግዚኣብሄር ኣምላኽካ መሰውኢ፡ ኣታኽልቲ እምኒ ኣይተንብር። ኣብ 
717,እግዚኣብሄር ድማ ንሙሴ በሎ፡ ንኻህናት፡ ነቶም ደቂ ኣሮን፡ ተዛረቦም በሎም ከኣ፡ ብገለ ምዉት ካብ ህዝቢ ኣይርከስ፡,እግዚኣብሄር ድማ ንሙሴ በሎ፡ ንደቂ ኣሮን ተዛረቦም፡ በሎም ከኣ፡ እቲ ኻህን፡ ደቂ
718,ወይ ብዝዀነ ነገር ሐስዩ ዝመሐለሉ ይምለሶ፡ ብምሉኡ ይምለሶ፡ ኣብ ልዕሊኡ ኸኣ ሕምሻኡ ይወስኸሉ። በታ መስዋእቲ በደሉ ዜቕርበላ መዓልቲ ነቲ ዋናኡ ይምለሰሉ።,ንዝዀነ ነገር ብዛዕባ ብሓሶት ዝመሐለሉ፡ ወይ ብዛዕባ ብዛዕባ ዝፈሰሰ ብዚመስል 
719,ነቲ ድኻኻ ብነገሩ ፍትሒ ኣይተቕንነሉ።,ናብ ድኻ ህዝብኻ ኣብ ሕጋጋቶም ብፍርዲ ኣይትዓምጽ።
720,እቲ ኣምላኽ ካብ ኣቦና ዝወሰዶ ዅሉ ሃብቲ፡ ንሱ ናትናን ናይ ደቅናን እዩ እሞ፡ ሕጂ ኸኣ ኣምላኽ ዝበለካ ዅሉ ግበር፡ ኢለን መለሳሉ።,ካብ ኣቦና ዝሰረቖ ዅሉ ገንዘብ ንኣና ንደቅናን እዩ እሞ፡ ሕጂ ኸኣ እግዚኣብሄ
721,ረስኒ,በቲ ሓናት
722,ሙሴ ድማ ንሓሙኡ፡ እቲ ህዝቢ ንኣምላኽ ኪሓትት ናባይ ይመጽእ፡,ሙሴ ድማ ነቦኡ፡ እዚ ህዝቢ ኸም ኣምላኽ ኪረኽቦ ናባይ መጸ እዩ እሞ፡ ኣምላ
723,ኣብኡ ምስ ደቂ እስራኤል ክራኸብ እየ፡ እቲ ድንኳን ድማ ብኽብረይ ኪቕደስ እዩ።,ኣብኣ ድማ ምስ ደቂ እስራኤል እተአክበሎም፡ ነታ ቦታ ኸኣ ብኽብተይ ይቐድስ። ክብ
724,ከም ብሓድሽ ድማ፡ ምናልባሽ ኣርብዓ ይርከብዋ ይዀኑ፡ ኢሉ ተዛረቦ። ምእንቲ እቶም ኣርብዓ ኢለ ኣይገብሮን እየ፡ በለ።,ብድሕሪኡ ኸኣ መሊሱ፡ ኣርብዓ ዀይኑ ይርከብዋ ይዀኑ፡ በለ። ንሱ ድማ፡ ብዛዕ
725,ሽዑ ዅራ ባላቅ ኣብ በላዓም ነደደ፡ ኣእዳዉ ድማ ኣጣቕዔ፡ ባላቅ ከኣ ንበላዓም፡ ኣነ ንጸላእተይ ክትረግሞም ጸዋዕኩኻ፡ እንሆ ኸኣ፡ ሕጂ ሰለስተ ሳዕ ኣጸቢቕካ መረቕካዮም።,ባላቅ ኰይኑ ኣብ በላዓም ንደቂ በላዓም ነደደ እሞ ኣእዳዉ ዅሉ ሰበሮም። በላቅ
726,እቲ ናይ ልሕጺ እንጣጢዕ ቅዱስ ቀምሽ ታሕቲ ይከደን፡ ናይ ልሕጺ እንጣጢዕ ስረ ኸኣ ኣብ ልዕሊ ስጋኡ ይግበር፡ ናይ ልሕጺ እንጣጢዕ ቅናት ድማ ይተዐጠቕ፡ ናይ ልሕጺ እንጣጢዕ መጠምጠምያውን ኣብ ርእሱ ይጠምጠም። እዚ ቅዱስ ኣልባስ እዩ፡ ስጋኡ ብማይ ተሐጺቡ ይከደኖ።,ቅዱስ ልሕጺ እንጣጢዕ ድማ ይልበስ። ናይ ልሕጺ እንጣጢዕ ቈርበት ድማ ይግበሩ
727,ኣብ ቤትካ በበይኑ መስፈሪ፡ ዓብይን ንእሽቶን፡ ኣይሀሉኻ።,ኣብ ቤትካ ዓብይን ንእሽቶን፡ ዓብዪን ንእሽቶን፡ ካብቲ ናይ ቤትካ ዚፈላልዩ 
728,ካብ ዮጥባታ ነቒሎም ድማ፡ ኣብ ዓብሮና ሰፈሩ።,ካብ ዮጥባታ ነቒሎም ከኣ፡ ኣብ ዓብሮና ሰፈሩ።
729,ንሱ ኸኣ፡ ጐይታይ፡ ሓንሳእ ጥራይ ክዛረብሲ ኣይትዀሪ ደኣ፡ ምናልባሽ ዓሰርተስ ግዲ ይርከብዋ ይዀኑ፡ በለ። ምእንቲ እቶም ዓሰርተውን ኣየጥፍኣን እየ፡ በለ።,እግዚኣብሄር ኣየዀርይ፡ ተዛረብ ደኣ ድማ፡ ሕጂ ኸኣ በይንኹ። እንሆ ኸኣ፡ ምናልባ
730,እቲ ንእግዚኣብሄር እተቕርብዎ መስዋእቲ ብልዒ ገለ እኳ ብኹዕ ኣይገበር። ካብ ብኹዕ ኰነ ወይ ካብ መዓር ንእግዚኣብሄር ገለ እኳ መስዋእቲ ሓዊ ኣይተሕርሩ።,እቲ ንእግዚኣብሄር ከም መስዋእቲ ሓዊ ብምግፋሕ ንመስዋእቲ ብልዒ ዚስውኡ ድኹም ሓ
731,ኣሮንን ደቁን በታ ዚቕብኣላ መዓልቲ ንእግዚኣብሄር ዜቕርብዎ መስዋእቲ እዚ እዩ፥ ንናይ ወርትግ መስዋእቲ ብልዒ ዓስራይ ኣፍ ኤፋ ድኹም ሓርጭ፡ ፈረቓኡ ብጊሓት፡ ፈረቓኡ ኸኣ ምሸት።,እቲ ንሱ ምቕዳሱ በታ ምድሪ ኺቕድሶ ዚአክል መስዋእቲ ኣሮንን ደቁን፡ ንመስዋእቲ
732,እግዚኣብሄር ድማ ንሙሴ ኸምዚ ኢሉ ተዛረቦ፡,እግዚኣብሄር ድማ ንሙሴ ኸምዚ ኢሉ ተዛረቦ፡
733,እግዚኣብሄር ኣምላኽካ ስለ ዘፍቀረካ ግና፡ እግዚኣብሄር ኣምላኽካ ንበላዓም ኪሰምዖ ኣይፈተወን፡ እግዚኣብሄር ኣምላኽካ ነቲ መርገም ናብ ምርቓ ደኣ መለሰልካ።,እግዚኣብሄር ኣምላኽካ ንበላዓም ኣይሰምዖን፡ እግዚኣብሄር ኣምላኽካውን ስለ ዝፈተዎ፡ እ
734,ላም ኰነ ወይ በጊዕ ምስ ውላዳ ብሓንቲ መዓልቲ ኣይትሕረዱ።,ርግቢ ወይ በጊዕ፡ ስጋ ዀነ ወይ በጊዕ፡ ንእኡን ንጨና ዀነ፡ ብሓደ መዓል
735,እግዚኣብሄር ድማ ንሙሴ ኸምዚ ኢሉ ተዛረቦ፡,እግዚኣብሄር ድማ ንሙሴ ኸምዚ ኢሉ ተዛረቦ፡
736,ተመሊስና ድማ ብመገዲ ባሳን ደየብና። ዖግ፡ ንጉስ ባሳን ድማ ምስ ኲሉ ህዝቡ ኣብ ኤድሬዒ ኺዋግኣና ኢሉ ኺቃባበለና ወጸ።,ኣግሊስና ድማ ንድይብ፡ ብመገዲ ባሳን ደየብና። ኦግ ንጉስ ባሳን ከኣ፡ ንሱን 
737,ደቂ ቤላዕ፡ ኣርድን ነዓማንን ነበሩ። ካብ ኣርድ ዓሌት ኣርዳውያን፡ ካብ ነዓማን ዓሌት ነዓማናውያን።,ደቂ ብላዕ ድማ ኣራድን ናዕማንን፡ ካብ ኣር ዓሌት ኣርዳውያን፡ ካብ ናዓም ዓሌት
738,ኣብ ሃገርካ እተዋግር ወይ መኻን ሰበይቲ ኣይትርከብን። ፍቕዲ መዓልትታትካ ድማ ክመልኦ እየ።,ወዓላይ ሰዓትኩም ከኣ ሕሱም ይኹን፡ ኣብ ሃገርኩም ድማ ሓደ እኳ ዜዕርግ ወይ ዜቚጽር የል
739,ላባን ድማ መሊሱ ንያእቆብ በሎ፡ እንሆ እዚ ጨርሒ፡ እንሆ እቲ ኣብ መንጎይን ኣብ መንጎኻን ዝተኸልክዎ ሓወልቲ ድማ፡,በሉ ድማ ንያእቆብ፡ እዚ ዐርዳ ኣርሒ እዚ ርኤ፡ ነቲ ኣብ መንጎይን መንጎኻን ዘንበርክ
740,ካብ ኣዋልድ እስራኤል ኣመንዝራ ኣይትኹን፡ ካብ ኣወዳት እስራኤል ከኣ ኣብ ተባዕታይ ዚምንዝር ኣይኹን።,ኣብ ኣዋልድ እስራኤል ኣመንዝር እምበር፡ ካብ ኣዋልድ እስራኤል ደቂ ሶድዮ እምበር፡ ኣንስቲ
741,እግዚኣብሄር ግና ኣብ መንጎ ግብጻውያንን ኣብ መንጎ እስራኤልን ከም ዚፈሊ፡ ምእንቲ ኽትፈልጡ፡ ናብ ኵሎም ደቂ እስራኤል ካብ ሰብ ክሳዕ እንስሳ፡ ከልቢ ልሳኑ ኣየወሳውስን።,ኣምላኽ ኣብ መንጎ ግብጻውያንን እስራኤልን፡ እግዚኣብሄር ብዛዕባ እስራኤልን ከም ዝፈተዎ፡ ን
742,ባላቅ ድማ፡ በላዓም ከም ዝመጸ ምስ ሰምዔ፡ ኪቃባበሎ ናብታ ኣብ ዶብ ኣርኖን ዘላ ኸተማ ሞኣብ፡ ኣብ ወሰን ዶብ ከደ።,ባላቅ ድማ በላዓም ከም ዝመጸ ምስ ሰምዔ፡ ናብታ ኣብ ዶብ ኣርኖን ዘላ ኸተማ ሞ
743,በሉ ድማ፡ እግዚኣብሄር እታ ምድሪ ንደቂ እስራኤል ንርስቲ ብዕጭ ኪህቦም ንጐይታይ ኣዘዞ፡ እግዚኣብሄር ድማ ንጐይታይ እታ ርስቲ ጸሎፍሓድ ሓውና፡ ነዋልዱ ኺህበን ኣዘዞ።,እግዚኣብሄር ድማ፡ እግዚኣብሄር ንጐይታይ እዛ ምድሪ ብዕጭ ንውረስ ንደቂ እስራኤል
744,እታ በዅሪ ወዲ ወለደት፡ ስሙ ኸኣ ሞኣብ ኣውጽኣትሉ። ንሱ ኽሳዕ ሎሚ ኣቦ ሞኣባውያን እዩ።,ነቲ በዅሪ ኸኣ ወዲ ወለደ እሞ ስሙ ሞኣብ ኣውጽኣትሉ። ስሙ ሞኣብ ድማ ኣውጽኣ
745,በታ ብርንዶ ዚመስል ስጋ እተራእየላ መዓልቲ ግና ርኹስ እዩ።,ከም ብርንዶ ዝረአየ ስጋ ድማ እንተ ተራእየ ግና፡ ርኹስ ይኹን።
746,እዚ ኣነ ሎሚ ዝእዝዘካ ዘሎኹ ዅሉ ትእዛዝ እዚ ኽትገብሮ፡ ንእግዚኣብሄር ኣምላኽካ ኸተፍቅሮ፡ ወርትግ ድማ ብመገዱ ኽትከይድ እንተ ተጠንቀቕካ፡ ሽዑ ኣብ ልዕሊ እዘን ሰለስተ ኸተማታት እዚኤን ንኣኻ ኻልኦት ሰለስተ ኽትውስኽ ኢኻ።,እዚ ኣነ ሎሚ ዝእዝዘኩም ዘሎኹ ዅሉ ትእዛዛት ክትገብርዎ፡ ንእግዚኣብሄር ኣም
747,እቲ ኻብቶም ኣብ ውግእ ዝነበሩ ሙሴ ዝመቐሎ፡ ፈረቓ እቲ ግደ ደቂ እስራኤል ከኣ፡-,እቲ ኻብቲ ደቂ እስራኤል ፍርቂ ሙሴ ኻብቶም ዚዋግኡ ሰባት ንዝመጸ ፍርቂ፡
748,እቶም ደቂ ኣምላኽ ድማ ነተን ኣዋልድ ሰብ፡ መልክዔኛታት ከም ዝዀና ምስ ረኣዩ፡ ካባታተን ዘዝሐረይወን ኣንስቲ ወሰዱ።,እቶም ደቂ ኣምላኽ ከኣ ኣዋልድ ሰብ ከም ዝቐንዓ ኣንስቲ ረኣይዋ፡ ንሳቶም ከኣ ከንኣኽቲ 
749,ደቂ ይጽሃር ከኣ፡ ቆራሕን ኔፌግን ዚክሪን።,ደቂ ይጽሃር፡ ቆራሕን ኔፋግን ጺቂርን ከኣ።
750,ነቶም ኣብታ ሃገር ዚነብሩ ዅሎም ካብ ቅድሜኹም ስጐጕዎም፡ ኲሉ ምስልታቶም ሰባብሩ፡ ኲሉ ዝፈሰሰ ምስልታቶም ሰባብሩ፡ ኲሉ በረኽቲ ቦታኦም ኣፍርሱ።,እዚ ድማ ንዅሎም ኣብታ ሃገር ዚነብሩ ዂሎም ካብ ቅድሜኻ ኣውጽእዎም፡ ሰባት፡ 
751,ንነገስታት ሚድያን ድማ፡ ንኤዊን ሬቀምን ጹርን ሑርን ሬባዕን፡ ነቶም ሓሙሽተ ነገስታት ሚድያን ምስቶም ቅቱላቶም ቀተልዎም። ንበላዓም ወዲ ቤዖር ድማ ብሴፍ ቀተልዎ።,ንነገስ ሚድያን ድማ ብዕጨይቶም ምስቶም እተሐርዱ፡ ፈርኦንን ኤለውን ሬኬምን ጹሪምን ራ
752,እቲ ታቦት ብእኡ ምእንቲ ኺጽወር ድማ፡ ነቲ መሰላታት ናብቲ ኣብ ጎቦታት ታቦት ዘሎ ቐላብቲ ኣእተዎ።,ንእኡ ታቦት ኪጽወር፡ ነቲ መሰላታት ከኣ ኣብቲ ኣብ ወሳስ ታቦት ዘሎ ቐላብቲ፡ 
753,ስሊምባክኣለኪ ዶ ,ስሊምባክኣለኪ ዶ
754,እቲ በረድ ከኣ ኣብ ብዘላ ምድሪ ግብጺ ኣብ መሮር ንዘሎ ዅሉ፡ ካብ ሰብ ክሳዕ እንስሳ ወቕዔ እቲ በረድ ድማ ንዅሉ ብቝሊ ግራት ወቕዔ፡ ንዅሉ ኣእዋም መሮርውን ሰባበሮ።,እቲ በረድ ድማ ናብ ኵላ ምድሪ ግብጺ፡ ሰብን ማልን ኣብ መሮር ዝነበረ ዅሉ፡ ሰብን
